// <auto-generated />
// Generated by tools/generate_unicode.py with Python regex 2.5.146.
namespace Okojo.Text.Unicode;

public static partial class UnicodeCaseFolding
{
    private static readonly int[] s_keys =
    [
        0x41, 0x42, 0x43, 0x44, 0x45, 0x46, 0x47, 0x48, 0x49, 0x4A, 0x4B, 0x4C, 0x4D, 0x4E, 0x4F, 0x50,
        0x51, 0x52, 0x53, 0x54, 0x55, 0x56, 0x57, 0x58, 0x59, 0x5A, 0x61, 0x62, 0x63, 0x64, 0x65, 0x66,
        0x67, 0x68, 0x69, 0x6A, 0x6B, 0x6C, 0x6D, 0x6E, 0x6F, 0x70, 0x71, 0x72, 0x73, 0x74, 0x75, 0x76,
        0x77, 0x78, 0x79, 0x7A, 0xB5, 0xC0, 0xC1, 0xC2, 0xC3, 0xC4, 0xC5, 0xC6, 0xC7, 0xC8, 0xC9, 0xCA,
        0xCB, 0xCC, 0xCD, 0xCE, 0xCF, 0xD0, 0xD1, 0xD2, 0xD3, 0xD4, 0xD5, 0xD6, 0xD8, 0xD9, 0xDA, 0xDB,
        0xDC, 0xDD, 0xDE, 0xDF, 0xE0, 0xE1, 0xE2, 0xE3, 0xE4, 0xE5, 0xE6, 0xE7, 0xE8, 0xE9, 0xEA, 0xEB,
        0xEC, 0xED, 0xEE, 0xEF, 0xF0, 0xF1, 0xF2, 0xF3, 0xF4, 0xF5, 0xF6, 0xF8, 0xF9, 0xFA, 0xFB, 0xFC,
        0xFD, 0xFE, 0xFF, 0x100, 0x101, 0x102, 0x103, 0x104, 0x105, 0x106, 0x107, 0x108, 0x109, 0x10A, 0x10B, 0x10C,
        0x10D, 0x10E, 0x10F, 0x110, 0x111, 0x112, 0x113, 0x114, 0x115, 0x116, 0x117, 0x118, 0x119, 0x11A, 0x11B, 0x11C,
        0x11D, 0x11E, 0x11F, 0x120, 0x121, 0x122, 0x123, 0x124, 0x125, 0x126, 0x127, 0x128, 0x129, 0x12A, 0x12B, 0x12C,
        0x12D, 0x12E, 0x12F, 0x130, 0x131, 0x132, 0x133, 0x134, 0x135, 0x136, 0x137, 0x139, 0x13A, 0x13B, 0x13C, 0x13D,
        0x13E, 0x13F, 0x140, 0x141, 0x142, 0x143, 0x144, 0x145, 0x146, 0x147, 0x148, 0x14A, 0x14B, 0x14C, 0x14D, 0x14E,
        0x14F, 0x150, 0x151, 0x152, 0x153, 0x154, 0x155, 0x156, 0x157, 0x158, 0x159, 0x15A, 0x15B, 0x15C, 0x15D, 0x15E,
        0x15F, 0x160, 0x161, 0x162, 0x163, 0x164, 0x165, 0x166, 0x167, 0x168, 0x169, 0x16A, 0x16B, 0x16C, 0x16D, 0x16E,
        0x16F, 0x170, 0x171, 0x172, 0x173, 0x174, 0x175, 0x176, 0x177, 0x178, 0x179, 0x17A, 0x17B, 0x17C, 0x17D, 0x17E,
        0x17F, 0x180, 0x181, 0x182, 0x183, 0x184, 0x185, 0x186, 0x187, 0x188, 0x189, 0x18A, 0x18B, 0x18C, 0x18E, 0x18F,
        0x190, 0x191, 0x192, 0x193, 0x194, 0x195, 0x196, 0x197, 0x198, 0x199, 0x19A, 0x19C, 0x19D, 0x19E, 0x19F, 0x1A0,
        0x1A1, 0x1A2, 0x1A3, 0x1A4, 0x1A5, 0x1A6, 0x1A7, 0x1A8, 0x1A9, 0x1AC, 0x1AD, 0x1AE, 0x1AF, 0x1B0, 0x1B1, 0x1B2,
        0x1B3, 0x1B4, 0x1B5, 0x1B6, 0x1B7, 0x1B8, 0x1B9, 0x1BC, 0x1BD, 0x1BF, 0x1C4, 0x1C5, 0x1C6, 0x1C7, 0x1C8, 0x1C9,
        0x1CA, 0x1CB, 0x1CC, 0x1CD, 0x1CE, 0x1CF, 0x1D0, 0x1D1, 0x1D2, 0x1D3, 0x1D4, 0x1D5, 0x1D6, 0x1D7, 0x1D8, 0x1D9,
        0x1DA, 0x1DB, 0x1DC, 0x1DD, 0x1DE, 0x1DF, 0x1E0, 0x1E1, 0x1E2, 0x1E3, 0x1E4, 0x1E5, 0x1E6, 0x1E7, 0x1E8, 0x1E9,
        0x1EA, 0x1EB, 0x1EC, 0x1ED, 0x1EE, 0x1EF, 0x1F1, 0x1F2, 0x1F3, 0x1F4, 0x1F5, 0x1F6, 0x1F7, 0x1F8, 0x1F9, 0x1FA,
        0x1FB, 0x1FC, 0x1FD, 0x1FE, 0x1FF, 0x200, 0x201, 0x202, 0x203, 0x204, 0x205, 0x206, 0x207, 0x208, 0x209, 0x20A,
        0x20B, 0x20C, 0x20D, 0x20E, 0x20F, 0x210, 0x211, 0x212, 0x213, 0x214, 0x215, 0x216, 0x217, 0x218, 0x219, 0x21A,
        0x21B, 0x21C, 0x21D, 0x21E, 0x21F, 0x220, 0x222, 0x223, 0x224, 0x225, 0x226, 0x227, 0x228, 0x229, 0x22A, 0x22B,
        0x22C, 0x22D, 0x22E, 0x22F, 0x230, 0x231, 0x232, 0x233, 0x23A, 0x23B, 0x23C, 0x23D, 0x23E, 0x23F, 0x240, 0x241,
        0x242, 0x243, 0x244, 0x245, 0x246, 0x247, 0x248, 0x249, 0x24A, 0x24B, 0x24C, 0x24D, 0x24E, 0x24F, 0x250, 0x251,
        0x252, 0x253, 0x254, 0x256, 0x257, 0x259, 0x25B, 0x25C, 0x260, 0x261, 0x263, 0x265, 0x266, 0x268, 0x269, 0x26A,
        0x26B, 0x26C, 0x26F, 0x271, 0x272, 0x275, 0x27D, 0x280, 0x282, 0x283, 0x287, 0x288, 0x289, 0x28A, 0x28B, 0x28C,
        0x292, 0x29D, 0x29E, 0x345, 0x370, 0x371, 0x372, 0x373, 0x376, 0x377, 0x37B, 0x37C, 0x37D, 0x37F, 0x386, 0x388,
        0x389, 0x38A, 0x38C, 0x38E, 0x38F, 0x390, 0x391, 0x392, 0x393, 0x394, 0x395, 0x396, 0x397, 0x398, 0x399, 0x39A,
        0x39B, 0x39C, 0x39D, 0x39E, 0x39F, 0x3A0, 0x3A1, 0x3A3, 0x3A4, 0x3A5, 0x3A6, 0x3A7, 0x3A8, 0x3A9, 0x3AA, 0x3AB,
        0x3AC, 0x3AD, 0x3AE, 0x3AF, 0x3B0, 0x3B1, 0x3B2, 0x3B3, 0x3B4, 0x3B5, 0x3B6, 0x3B7, 0x3B8, 0x3B9, 0x3BA, 0x3BB,
        0x3BC, 0x3BD, 0x3BE, 0x3BF, 0x3C0, 0x3C1, 0x3C2, 0x3C3, 0x3C4, 0x3C5, 0x3C6, 0x3C7, 0x3C8, 0x3C9, 0x3CA, 0x3CB,
        0x3CC, 0x3CD, 0x3CE, 0x3CF, 0x3D0, 0x3D1, 0x3D5, 0x3D6, 0x3D7, 0x3D8, 0x3D9, 0x3DA, 0x3DB, 0x3DC, 0x3DD, 0x3DE,
        0x3DF, 0x3E0, 0x3E1, 0x3E2, 0x3E3, 0x3E4, 0x3E5, 0x3E6, 0x3E7, 0x3E8, 0x3E9, 0x3EA, 0x3EB, 0x3EC, 0x3ED, 0x3EE,
        0x3EF, 0x3F0, 0x3F1, 0x3F2, 0x3F3, 0x3F4, 0x3F5, 0x3F7, 0x3F8, 0x3F9, 0x3FA, 0x3FB, 0x3FD, 0x3FE, 0x3FF, 0x400,
        0x401, 0x402, 0x403, 0x404, 0x405, 0x406, 0x407, 0x408, 0x409, 0x40A, 0x40B, 0x40C, 0x40D, 0x40E, 0x40F, 0x410,
        0x411, 0x412, 0x413, 0x414, 0x415, 0x416, 0x417, 0x418, 0x419, 0x41A, 0x41B, 0x41C, 0x41D, 0x41E, 0x41F, 0x420,
        0x421, 0x422, 0x423, 0x424, 0x425, 0x426, 0x427, 0x428, 0x429, 0x42A, 0x42B, 0x42C, 0x42D, 0x42E, 0x42F, 0x430,
        0x431, 0x432, 0x433, 0x434, 0x435, 0x436, 0x437, 0x438, 0x439, 0x43A, 0x43B, 0x43C, 0x43D, 0x43E, 0x43F, 0x440,
        0x441, 0x442, 0x443, 0x444, 0x445, 0x446, 0x447, 0x448, 0x449, 0x44A, 0x44B, 0x44C, 0x44D, 0x44E, 0x44F, 0x450,
        0x451, 0x452, 0x453, 0x454, 0x455, 0x456, 0x457, 0x458, 0x459, 0x45A, 0x45B, 0x45C, 0x45D, 0x45E, 0x45F, 0x460,
        0x461, 0x462, 0x463, 0x464, 0x465, 0x466, 0x467, 0x468, 0x469, 0x46A, 0x46B, 0x46C, 0x46D, 0x46E, 0x46F, 0x470,
        0x471, 0x472, 0x473, 0x474, 0x475, 0x476, 0x477, 0x478, 0x479, 0x47A, 0x47B, 0x47C, 0x47D, 0x47E, 0x47F, 0x480,
        0x481, 0x48A, 0x48B, 0x48C, 0x48D, 0x48E, 0x48F, 0x490, 0x491, 0x492, 0x493, 0x494, 0x495, 0x496, 0x497, 0x498,
        0x499, 0x49A, 0x49B, 0x49C, 0x49D, 0x49E, 0x49F, 0x4A0, 0x4A1, 0x4A2, 0x4A3, 0x4A4, 0x4A5, 0x4A6, 0x4A7, 0x4A8,
        0x4A9, 0x4AA, 0x4AB, 0x4AC, 0x4AD, 0x4AE, 0x4AF, 0x4B0, 0x4B1, 0x4B2, 0x4B3, 0x4B4, 0x4B5, 0x4B6, 0x4B7, 0x4B8,
        0x4B9, 0x4BA, 0x4BB, 0x4BC, 0x4BD, 0x4BE, 0x4BF, 0x4C0, 0x4C1, 0x4C2, 0x4C3, 0x4C4, 0x4C5, 0x4C6, 0x4C7, 0x4C8,
        0x4C9, 0x4CA, 0x4CB, 0x4CC, 0x4CD, 0x4CE, 0x4CF, 0x4D0, 0x4D1, 0x4D2, 0x4D3, 0x4D4, 0x4D5, 0x4D6, 0x4D7, 0x4D8,
        0x4D9, 0x4DA, 0x4DB, 0x4DC, 0x4DD, 0x4DE, 0x4DF, 0x4E0, 0x4E1, 0x4E2, 0x4E3, 0x4E4, 0x4E5, 0x4E6, 0x4E7, 0x4E8,
        0x4E9, 0x4EA, 0x4EB, 0x4EC, 0x4ED, 0x4EE, 0x4EF, 0x4F0, 0x4F1, 0x4F2, 0x4F3, 0x4F4, 0x4F5, 0x4F6, 0x4F7, 0x4F8,
        0x4F9, 0x4FA, 0x4FB, 0x4FC, 0x4FD, 0x4FE, 0x4FF, 0x500, 0x501, 0x502, 0x503, 0x504, 0x505, 0x506, 0x507, 0x508,
        0x509, 0x50A, 0x50B, 0x50C, 0x50D, 0x50E, 0x50F, 0x510, 0x511, 0x512, 0x513, 0x514, 0x515, 0x516, 0x517, 0x518,
        0x519, 0x51A, 0x51B, 0x51C, 0x51D, 0x51E, 0x51F, 0x520, 0x521, 0x522, 0x523, 0x524, 0x525, 0x526, 0x527, 0x528,
        0x529, 0x52A, 0x52B, 0x52C, 0x52D, 0x52E, 0x52F, 0x531, 0x532, 0x533, 0x534, 0x535, 0x536, 0x537, 0x538, 0x539,
        0x53A, 0x53B, 0x53C, 0x53D, 0x53E, 0x53F, 0x540, 0x541, 0x542, 0x543, 0x544, 0x545, 0x546, 0x547, 0x548, 0x549,
        0x54A, 0x54B, 0x54C, 0x54D, 0x54E, 0x54F, 0x550, 0x551, 0x552, 0x553, 0x554, 0x555, 0x556, 0x561, 0x562, 0x563,
        0x564, 0x565, 0x566, 0x567, 0x568, 0x569, 0x56A, 0x56B, 0x56C, 0x56D, 0x56E, 0x56F, 0x570, 0x571, 0x572, 0x573,
        0x574, 0x575, 0x576, 0x577, 0x578, 0x579, 0x57A, 0x57B, 0x57C, 0x57D, 0x57E, 0x57F, 0x580, 0x581, 0x582, 0x583,
        0x584, 0x585, 0x586, 0x10A0, 0x10A1, 0x10A2, 0x10A3, 0x10A4, 0x10A5, 0x10A6, 0x10A7, 0x10A8, 0x10A9, 0x10AA, 0x10AB, 0x10AC,
        0x10AD, 0x10AE, 0x10AF, 0x10B0, 0x10B1, 0x10B2, 0x10B3, 0x10B4, 0x10B5, 0x10B6, 0x10B7, 0x10B8, 0x10B9, 0x10BA, 0x10BB, 0x10BC,
        0x10BD, 0x10BE, 0x10BF, 0x10C0, 0x10C1, 0x10C2, 0x10C3, 0x10C4, 0x10C5, 0x10C7, 0x10CD, 0x10D0, 0x10D1, 0x10D2, 0x10D3, 0x10D4,
        0x10D5, 0x10D6, 0x10D7, 0x10D8, 0x10D9, 0x10DA, 0x10DB, 0x10DC, 0x10DD, 0x10DE, 0x10DF, 0x10E0, 0x10E1, 0x10E2, 0x10E3, 0x10E4,
        0x10E5, 0x10E6, 0x10E7, 0x10E8, 0x10E9, 0x10EA, 0x10EB, 0x10EC, 0x10ED, 0x10EE, 0x10EF, 0x10F0, 0x10F1, 0x10F2, 0x10F3, 0x10F4,
        0x10F5, 0x10F6, 0x10F7, 0x10F8, 0x10F9, 0x10FA, 0x10FD, 0x10FE, 0x10FF, 0x13A0, 0x13A1, 0x13A2, 0x13A3, 0x13A4, 0x13A5, 0x13A6,
        0x13A7, 0x13A8, 0x13A9, 0x13AA, 0x13AB, 0x13AC, 0x13AD, 0x13AE, 0x13AF, 0x13B0, 0x13B1, 0x13B2, 0x13B3, 0x13B4, 0x13B5, 0x13B6,
        0x13B7, 0x13B8, 0x13B9, 0x13BA, 0x13BB, 0x13BC, 0x13BD, 0x13BE, 0x13BF, 0x13C0, 0x13C1, 0x13C2, 0x13C3, 0x13C4, 0x13C5, 0x13C6,
        0x13C7, 0x13C8, 0x13C9, 0x13CA, 0x13CB, 0x13CC, 0x13CD, 0x13CE, 0x13CF, 0x13D0, 0x13D1, 0x13D2, 0x13D3, 0x13D4, 0x13D5, 0x13D6,
        0x13D7, 0x13D8, 0x13D9, 0x13DA, 0x13DB, 0x13DC, 0x13DD, 0x13DE, 0x13DF, 0x13E0, 0x13E1, 0x13E2, 0x13E3, 0x13E4, 0x13E5, 0x13E6,
        0x13E7, 0x13E8, 0x13E9, 0x13EA, 0x13EB, 0x13EC, 0x13ED, 0x13EE, 0x13EF, 0x13F0, 0x13F1, 0x13F2, 0x13F3, 0x13F4, 0x13F5, 0x13F8,
        0x13F9, 0x13FA, 0x13FB, 0x13FC, 0x13FD, 0x1C80, 0x1C81, 0x1C82, 0x1C83, 0x1C84, 0x1C85, 0x1C86, 0x1C87, 0x1C88, 0x1C90, 0x1C91,
        0x1C92, 0x1C93, 0x1C94, 0x1C95, 0x1C96, 0x1C97, 0x1C98, 0x1C99, 0x1C9A, 0x1C9B, 0x1C9C, 0x1C9D, 0x1C9E, 0x1C9F, 0x1CA0, 0x1CA1,
        0x1CA2, 0x1CA3, 0x1CA4, 0x1CA5, 0x1CA6, 0x1CA7, 0x1CA8, 0x1CA9, 0x1CAA, 0x1CAB, 0x1CAC, 0x1CAD, 0x1CAE, 0x1CAF, 0x1CB0, 0x1CB1,
        0x1CB2, 0x1CB3, 0x1CB4, 0x1CB5, 0x1CB6, 0x1CB7, 0x1CB8, 0x1CB9, 0x1CBA, 0x1CBD, 0x1CBE, 0x1CBF, 0x1D79, 0x1D7D, 0x1D8E, 0x1E00,
        0x1E01, 0x1E02, 0x1E03, 0x1E04, 0x1E05, 0x1E06, 0x1E07, 0x1E08, 0x1E09, 0x1E0A, 0x1E0B, 0x1E0C, 0x1E0D, 0x1E0E, 0x1E0F, 0x1E10,
        0x1E11, 0x1E12, 0x1E13, 0x1E14, 0x1E15, 0x1E16, 0x1E17, 0x1E18, 0x1E19, 0x1E1A, 0x1E1B, 0x1E1C, 0x1E1D, 0x1E1E, 0x1E1F, 0x1E20,
        0x1E21, 0x1E22, 0x1E23, 0x1E24, 0x1E25, 0x1E26, 0x1E27, 0x1E28, 0x1E29, 0x1E2A, 0x1E2B, 0x1E2C, 0x1E2D, 0x1E2E, 0x1E2F, 0x1E30,
        0x1E31, 0x1E32, 0x1E33, 0x1E34, 0x1E35, 0x1E36, 0x1E37, 0x1E38, 0x1E39, 0x1E3A, 0x1E3B, 0x1E3C, 0x1E3D, 0x1E3E, 0x1E3F, 0x1E40,
        0x1E41, 0x1E42, 0x1E43, 0x1E44, 0x1E45, 0x1E46, 0x1E47, 0x1E48, 0x1E49, 0x1E4A, 0x1E4B, 0x1E4C, 0x1E4D, 0x1E4E, 0x1E4F, 0x1E50,
        0x1E51, 0x1E52, 0x1E53, 0x1E54, 0x1E55, 0x1E56, 0x1E57, 0x1E58, 0x1E59, 0x1E5A, 0x1E5B, 0x1E5C, 0x1E5D, 0x1E5E, 0x1E5F, 0x1E60,
        0x1E61, 0x1E62, 0x1E63, 0x1E64, 0x1E65, 0x1E66, 0x1E67, 0x1E68, 0x1E69, 0x1E6A, 0x1E6B, 0x1E6C, 0x1E6D, 0x1E6E, 0x1E6F, 0x1E70,
        0x1E71, 0x1E72, 0x1E73, 0x1E74, 0x1E75, 0x1E76, 0x1E77, 0x1E78, 0x1E79, 0x1E7A, 0x1E7B, 0x1E7C, 0x1E7D, 0x1E7E, 0x1E7F, 0x1E80,
        0x1E81, 0x1E82, 0x1E83, 0x1E84, 0x1E85, 0x1E86, 0x1E87, 0x1E88, 0x1E89, 0x1E8A, 0x1E8B, 0x1E8C, 0x1E8D, 0x1E8E, 0x1E8F, 0x1E90,
        0x1E91, 0x1E92, 0x1E93, 0x1E94, 0x1E95, 0x1E9B, 0x1E9E, 0x1EA0, 0x1EA1, 0x1EA2, 0x1EA3, 0x1EA4, 0x1EA5, 0x1EA6, 0x1EA7, 0x1EA8,
        0x1EA9, 0x1EAA, 0x1EAB, 0x1EAC, 0x1EAD, 0x1EAE, 0x1EAF, 0x1EB0, 0x1EB1, 0x1EB2, 0x1EB3, 0x1EB4, 0x1EB5, 0x1EB6, 0x1EB7, 0x1EB8,
        0x1EB9, 0x1EBA, 0x1EBB, 0x1EBC, 0x1EBD, 0x1EBE, 0x1EBF, 0x1EC0, 0x1EC1, 0x1EC2, 0x1EC3, 0x1EC4, 0x1EC5, 0x1EC6, 0x1EC7, 0x1EC8,
        0x1EC9, 0x1ECA, 0x1ECB, 0x1ECC, 0x1ECD, 0x1ECE, 0x1ECF, 0x1ED0, 0x1ED1, 0x1ED2, 0x1ED3, 0x1ED4, 0x1ED5, 0x1ED6, 0x1ED7, 0x1ED8,
        0x1ED9, 0x1EDA, 0x1EDB, 0x1EDC, 0x1EDD, 0x1EDE, 0x1EDF, 0x1EE0, 0x1EE1, 0x1EE2, 0x1EE3, 0x1EE4, 0x1EE5, 0x1EE6, 0x1EE7, 0x1EE8,
        0x1EE9, 0x1EEA, 0x1EEB, 0x1EEC, 0x1EED, 0x1EEE, 0x1EEF, 0x1EF0, 0x1EF1, 0x1EF2, 0x1EF3, 0x1EF4, 0x1EF5, 0x1EF6, 0x1EF7, 0x1EF8,
        0x1EF9, 0x1EFA, 0x1EFB, 0x1EFC, 0x1EFD, 0x1EFE, 0x1EFF, 0x1F00, 0x1F01, 0x1F02, 0x1F03, 0x1F04, 0x1F05, 0x1F06, 0x1F07, 0x1F08,
        0x1F09, 0x1F0A, 0x1F0B, 0x1F0C, 0x1F0D, 0x1F0E, 0x1F0F, 0x1F10, 0x1F11, 0x1F12, 0x1F13, 0x1F14, 0x1F15, 0x1F18, 0x1F19, 0x1F1A,
        0x1F1B, 0x1F1C, 0x1F1D, 0x1F20, 0x1F21, 0x1F22, 0x1F23, 0x1F24, 0x1F25, 0x1F26, 0x1F27, 0x1F28, 0x1F29, 0x1F2A, 0x1F2B, 0x1F2C,
        0x1F2D, 0x1F2E, 0x1F2F, 0x1F30, 0x1F31, 0x1F32, 0x1F33, 0x1F34, 0x1F35, 0x1F36, 0x1F37, 0x1F38, 0x1F39, 0x1F3A, 0x1F3B, 0x1F3C,
        0x1F3D, 0x1F3E, 0x1F3F, 0x1F40, 0x1F41, 0x1F42, 0x1F43, 0x1F44, 0x1F45, 0x1F48, 0x1F49, 0x1F4A, 0x1F4B, 0x1F4C, 0x1F4D, 0x1F51,
        0x1F53, 0x1F55, 0x1F57, 0x1F59, 0x1F5B, 0x1F5D, 0x1F5F, 0x1F60, 0x1F61, 0x1F62, 0x1F63, 0x1F64, 0x1F65, 0x1F66, 0x1F67, 0x1F68,
        0x1F69, 0x1F6A, 0x1F6B, 0x1F6C, 0x1F6D, 0x1F6E, 0x1F6F, 0x1F70, 0x1F71, 0x1F72, 0x1F73, 0x1F74, 0x1F75, 0x1F76, 0x1F77, 0x1F78,
        0x1F79, 0x1F7A, 0x1F7B, 0x1F7C, 0x1F7D, 0x1F80, 0x1F81, 0x1F82, 0x1F83, 0x1F84, 0x1F85, 0x1F86, 0x1F87, 0x1F88, 0x1F89, 0x1F8A,
        0x1F8B, 0x1F8C, 0x1F8D, 0x1F8E, 0x1F8F, 0x1F90, 0x1F91, 0x1F92, 0x1F93, 0x1F94, 0x1F95, 0x1F96, 0x1F97, 0x1F98, 0x1F99, 0x1F9A,
        0x1F9B, 0x1F9C, 0x1F9D, 0x1F9E, 0x1F9F, 0x1FA0, 0x1FA1, 0x1FA2, 0x1FA3, 0x1FA4, 0x1FA5, 0x1FA6, 0x1FA7, 0x1FA8, 0x1FA9, 0x1FAA,
        0x1FAB, 0x1FAC, 0x1FAD, 0x1FAE, 0x1FAF, 0x1FB0, 0x1FB1, 0x1FB3, 0x1FB8, 0x1FB9, 0x1FBA, 0x1FBB, 0x1FBC, 0x1FBE, 0x1FC3, 0x1FC8,
        0x1FC9, 0x1FCA, 0x1FCB, 0x1FCC, 0x1FD0, 0x1FD1, 0x1FD3, 0x1FD8, 0x1FD9, 0x1FDA, 0x1FDB, 0x1FE0, 0x1FE1, 0x1FE3, 0x1FE5, 0x1FE8,
        0x1FE9, 0x1FEA, 0x1FEB, 0x1FEC, 0x1FF3, 0x1FF8, 0x1FF9, 0x1FFA, 0x1FFB, 0x1FFC, 0x2126, 0x212A, 0x212B, 0x2132, 0x214E, 0x2160,
        0x2161, 0x2162, 0x2163, 0x2164, 0x2165, 0x2166, 0x2167, 0x2168, 0x2169, 0x216A, 0x216B, 0x216C, 0x216D, 0x216E, 0x216F, 0x2170,
        0x2171, 0x2172, 0x2173, 0x2174, 0x2175, 0x2176, 0x2177, 0x2178, 0x2179, 0x217A, 0x217B, 0x217C, 0x217D, 0x217E, 0x217F, 0x2183,
        0x2184, 0x24B6, 0x24B7, 0x24B8, 0x24B9, 0x24BA, 0x24BB, 0x24BC, 0x24BD, 0x24BE, 0x24BF, 0x24C0, 0x24C1, 0x24C2, 0x24C3, 0x24C4,
        0x24C5, 0x24C6, 0x24C7, 0x24C8, 0x24C9, 0x24CA, 0x24CB, 0x24CC, 0x24CD, 0x24CE, 0x24CF, 0x24D0, 0x24D1, 0x24D2, 0x24D3, 0x24D4,
        0x24D5, 0x24D6, 0x24D7, 0x24D8, 0x24D9, 0x24DA, 0x24DB, 0x24DC, 0x24DD, 0x24DE, 0x24DF, 0x24E0, 0x24E1, 0x24E2, 0x24E3, 0x24E4,
        0x24E5, 0x24E6, 0x24E7, 0x24E8, 0x24E9, 0x2C00, 0x2C01, 0x2C02, 0x2C03, 0x2C04, 0x2C05, 0x2C06, 0x2C07, 0x2C08, 0x2C09, 0x2C0A,
        0x2C0B, 0x2C0C, 0x2C0D, 0x2C0E, 0x2C0F, 0x2C10, 0x2C11, 0x2C12, 0x2C13, 0x2C14, 0x2C15, 0x2C16, 0x2C17, 0x2C18, 0x2C19, 0x2C1A,
        0x2C1B, 0x2C1C, 0x2C1D, 0x2C1E, 0x2C1F, 0x2C20, 0x2C21, 0x2C22, 0x2C23, 0x2C24, 0x2C25, 0x2C26, 0x2C27, 0x2C28, 0x2C29, 0x2C2A,
        0x2C2B, 0x2C2C, 0x2C2D, 0x2C2E, 0x2C2F, 0x2C30, 0x2C31, 0x2C32, 0x2C33, 0x2C34, 0x2C35, 0x2C36, 0x2C37, 0x2C38, 0x2C39, 0x2C3A,
        0x2C3B, 0x2C3C, 0x2C3D, 0x2C3E, 0x2C3F, 0x2C40, 0x2C41, 0x2C42, 0x2C43, 0x2C44, 0x2C45, 0x2C46, 0x2C47, 0x2C48, 0x2C49, 0x2C4A,
        0x2C4B, 0x2C4C, 0x2C4D, 0x2C4E, 0x2C4F, 0x2C50, 0x2C51, 0x2C52, 0x2C53, 0x2C54, 0x2C55, 0x2C56, 0x2C57, 0x2C58, 0x2C59, 0x2C5A,
        0x2C5B, 0x2C5C, 0x2C5D, 0x2C5E, 0x2C5F, 0x2C60, 0x2C61, 0x2C62, 0x2C63, 0x2C64, 0x2C65, 0x2C66, 0x2C67, 0x2C68, 0x2C69, 0x2C6A,
        0x2C6B, 0x2C6C, 0x2C6D, 0x2C6E, 0x2C6F, 0x2C70, 0x2C72, 0x2C73, 0x2C75, 0x2C76, 0x2C7E, 0x2C7F, 0x2C80, 0x2C81, 0x2C82, 0x2C83,
        0x2C84, 0x2C85, 0x2C86, 0x2C87, 0x2C88, 0x2C89, 0x2C8A, 0x2C8B, 0x2C8C, 0x2C8D, 0x2C8E, 0x2C8F, 0x2C90, 0x2C91, 0x2C92, 0x2C93,
        0x2C94, 0x2C95, 0x2C96, 0x2C97, 0x2C98, 0x2C99, 0x2C9A, 0x2C9B, 0x2C9C, 0x2C9D, 0x2C9E, 0x2C9F, 0x2CA0, 0x2CA1, 0x2CA2, 0x2CA3,
        0x2CA4, 0x2CA5, 0x2CA6, 0x2CA7, 0x2CA8, 0x2CA9, 0x2CAA, 0x2CAB, 0x2CAC, 0x2CAD, 0x2CAE, 0x2CAF, 0x2CB0, 0x2CB1, 0x2CB2, 0x2CB3,
        0x2CB4, 0x2CB5, 0x2CB6, 0x2CB7, 0x2CB8, 0x2CB9, 0x2CBA, 0x2CBB, 0x2CBC, 0x2CBD, 0x2CBE, 0x2CBF, 0x2CC0, 0x2CC1, 0x2CC2, 0x2CC3,
        0x2CC4, 0x2CC5, 0x2CC6, 0x2CC7, 0x2CC8, 0x2CC9, 0x2CCA, 0x2CCB, 0x2CCC, 0x2CCD, 0x2CCE, 0x2CCF, 0x2CD0, 0x2CD1, 0x2CD2, 0x2CD3,
        0x2CD4, 0x2CD5, 0x2CD6, 0x2CD7, 0x2CD8, 0x2CD9, 0x2CDA, 0x2CDB, 0x2CDC, 0x2CDD, 0x2CDE, 0x2CDF, 0x2CE0, 0x2CE1, 0x2CE2, 0x2CE3,
        0x2CEB, 0x2CEC, 0x2CED, 0x2CEE, 0x2CF2, 0x2CF3, 0x2D00, 0x2D01, 0x2D02, 0x2D03, 0x2D04, 0x2D05, 0x2D06, 0x2D07, 0x2D08, 0x2D09,
        0x2D0A, 0x2D0B, 0x2D0C, 0x2D0D, 0x2D0E, 0x2D0F, 0x2D10, 0x2D11, 0x2D12, 0x2D13, 0x2D14, 0x2D15, 0x2D16, 0x2D17, 0x2D18, 0x2D19,
        0x2D1A, 0x2D1B, 0x2D1C, 0x2D1D, 0x2D1E, 0x2D1F, 0x2D20, 0x2D21, 0x2D22, 0x2D23, 0x2D24, 0x2D25, 0x2D27, 0x2D2D, 0xA640, 0xA641,
        0xA642, 0xA643, 0xA644, 0xA645, 0xA646, 0xA647, 0xA648, 0xA649, 0xA64A, 0xA64B, 0xA64C, 0xA64D, 0xA64E, 0xA64F, 0xA650, 0xA651,
        0xA652, 0xA653, 0xA654, 0xA655, 0xA656, 0xA657, 0xA658, 0xA659, 0xA65A, 0xA65B, 0xA65C, 0xA65D, 0xA65E, 0xA65F, 0xA660, 0xA661,
        0xA662, 0xA663, 0xA664, 0xA665, 0xA666, 0xA667, 0xA668, 0xA669, 0xA66A, 0xA66B, 0xA66C, 0xA66D, 0xA680, 0xA681, 0xA682, 0xA683,
        0xA684, 0xA685, 0xA686, 0xA687, 0xA688, 0xA689, 0xA68A, 0xA68B, 0xA68C, 0xA68D, 0xA68E, 0xA68F, 0xA690, 0xA691, 0xA692, 0xA693,
        0xA694, 0xA695, 0xA696, 0xA697, 0xA698, 0xA699, 0xA69A, 0xA69B, 0xA722, 0xA723, 0xA724, 0xA725, 0xA726, 0xA727, 0xA728, 0xA729,
        0xA72A, 0xA72B, 0xA72C, 0xA72D, 0xA72E, 0xA72F, 0xA732, 0xA733, 0xA734, 0xA735, 0xA736, 0xA737, 0xA738, 0xA739, 0xA73A, 0xA73B,
        0xA73C, 0xA73D, 0xA73E, 0xA73F, 0xA740, 0xA741, 0xA742, 0xA743, 0xA744, 0xA745, 0xA746, 0xA747, 0xA748, 0xA749, 0xA74A, 0xA74B,
        0xA74C, 0xA74D, 0xA74E, 0xA74F, 0xA750, 0xA751, 0xA752, 0xA753, 0xA754, 0xA755, 0xA756, 0xA757, 0xA758, 0xA759, 0xA75A, 0xA75B,
        0xA75C, 0xA75D, 0xA75E, 0xA75F, 0xA760, 0xA761, 0xA762, 0xA763, 0xA764, 0xA765, 0xA766, 0xA767, 0xA768, 0xA769, 0xA76A, 0xA76B,
        0xA76C, 0xA76D, 0xA76E, 0xA76F, 0xA779, 0xA77A, 0xA77B, 0xA77C, 0xA77D, 0xA77E, 0xA77F, 0xA780, 0xA781, 0xA782, 0xA783, 0xA784,
        0xA785, 0xA786, 0xA787, 0xA78B, 0xA78C, 0xA78D, 0xA790, 0xA791, 0xA792, 0xA793, 0xA794, 0xA796, 0xA797, 0xA798, 0xA799, 0xA79A,
        0xA79B, 0xA79C, 0xA79D, 0xA79E, 0xA79F, 0xA7A0, 0xA7A1, 0xA7A2, 0xA7A3, 0xA7A4, 0xA7A5, 0xA7A6, 0xA7A7, 0xA7A8, 0xA7A9, 0xA7AA,
        0xA7AB, 0xA7AC, 0xA7AD, 0xA7AE, 0xA7B0, 0xA7B1, 0xA7B2, 0xA7B3, 0xA7B4, 0xA7B5, 0xA7B6, 0xA7B7, 0xA7B8, 0xA7B9, 0xA7BA, 0xA7BB,
        0xA7BC, 0xA7BD, 0xA7BE, 0xA7BF, 0xA7C0, 0xA7C1, 0xA7C2, 0xA7C3, 0xA7C4, 0xA7C5, 0xA7C6, 0xA7C7, 0xA7C8, 0xA7C9, 0xA7CA, 0xA7D0,
        0xA7D1, 0xA7D6, 0xA7D7, 0xA7D8, 0xA7D9, 0xA7F5, 0xA7F6, 0xAB53, 0xAB70, 0xAB71, 0xAB72, 0xAB73, 0xAB74, 0xAB75, 0xAB76, 0xAB77,
        0xAB78, 0xAB79, 0xAB7A, 0xAB7B, 0xAB7C, 0xAB7D, 0xAB7E, 0xAB7F, 0xAB80, 0xAB81, 0xAB82, 0xAB83, 0xAB84, 0xAB85, 0xAB86, 0xAB87,
        0xAB88, 0xAB89, 0xAB8A, 0xAB8B, 0xAB8C, 0xAB8D, 0xAB8E, 0xAB8F, 0xAB90, 0xAB91, 0xAB92, 0xAB93, 0xAB94, 0xAB95, 0xAB96, 0xAB97,
        0xAB98, 0xAB99, 0xAB9A, 0xAB9B, 0xAB9C, 0xAB9D, 0xAB9E, 0xAB9F, 0xABA0, 0xABA1, 0xABA2, 0xABA3, 0xABA4, 0xABA5, 0xABA6, 0xABA7,
        0xABA8, 0xABA9, 0xABAA, 0xABAB, 0xABAC, 0xABAD, 0xABAE, 0xABAF, 0xABB0, 0xABB1, 0xABB2, 0xABB3, 0xABB4, 0xABB5, 0xABB6, 0xABB7,
        0xABB8, 0xABB9, 0xABBA, 0xABBB, 0xABBC, 0xABBD, 0xABBE, 0xABBF, 0xFB05, 0xFB06, 0xFF21, 0xFF22, 0xFF23, 0xFF24, 0xFF25, 0xFF26,
        0xFF27, 0xFF28, 0xFF29, 0xFF2A, 0xFF2B, 0xFF2C, 0xFF2D, 0xFF2E, 0xFF2F, 0xFF30, 0xFF31, 0xFF32, 0xFF33, 0xFF34, 0xFF35, 0xFF36,
        0xFF37, 0xFF38, 0xFF39, 0xFF3A, 0xFF41, 0xFF42, 0xFF43, 0xFF44, 0xFF45, 0xFF46, 0xFF47, 0xFF48, 0xFF49, 0xFF4A, 0xFF4B, 0xFF4C,
        0xFF4D, 0xFF4E, 0xFF4F, 0xFF50, 0xFF51, 0xFF52, 0xFF53, 0xFF54, 0xFF55, 0xFF56, 0xFF57, 0xFF58, 0xFF59, 0xFF5A, 0x10400, 0x10401,
        0x10402, 0x10403, 0x10404, 0x10405, 0x10406, 0x10407, 0x10408, 0x10409, 0x1040A, 0x1040B, 0x1040C, 0x1040D, 0x1040E, 0x1040F, 0x10410, 0x10411,
        0x10412, 0x10413, 0x10414, 0x10415, 0x10416, 0x10417, 0x10418, 0x10419, 0x1041A, 0x1041B, 0x1041C, 0x1041D, 0x1041E, 0x1041F, 0x10420, 0x10421,
        0x10422, 0x10423, 0x10424, 0x10425, 0x10426, 0x10427, 0x10428, 0x10429, 0x1042A, 0x1042B, 0x1042C, 0x1042D, 0x1042E, 0x1042F, 0x10430, 0x10431,
        0x10432, 0x10433, 0x10434, 0x10435, 0x10436, 0x10437, 0x10438, 0x10439, 0x1043A, 0x1043B, 0x1043C, 0x1043D, 0x1043E, 0x1043F, 0x10440, 0x10441,
        0x10442, 0x10443, 0x10444, 0x10445, 0x10446, 0x10447, 0x10448, 0x10449, 0x1044A, 0x1044B, 0x1044C, 0x1044D, 0x1044E, 0x1044F, 0x104B0, 0x104B1,
        0x104B2, 0x104B3, 0x104B4, 0x104B5, 0x104B6, 0x104B7, 0x104B8, 0x104B9, 0x104BA, 0x104BB, 0x104BC, 0x104BD, 0x104BE, 0x104BF, 0x104C0, 0x104C1,
        0x104C2, 0x104C3, 0x104C4, 0x104C5, 0x104C6, 0x104C7, 0x104C8, 0x104C9, 0x104CA, 0x104CB, 0x104CC, 0x104CD, 0x104CE, 0x104CF, 0x104D0, 0x104D1,
        0x104D2, 0x104D3, 0x104D8, 0x104D9, 0x104DA, 0x104DB, 0x104DC, 0x104DD, 0x104DE, 0x104DF, 0x104E0, 0x104E1, 0x104E2, 0x104E3, 0x104E4, 0x104E5,
        0x104E6, 0x104E7, 0x104E8, 0x104E9, 0x104EA, 0x104EB, 0x104EC, 0x104ED, 0x104EE, 0x104EF, 0x104F0, 0x104F1, 0x104F2, 0x104F3, 0x104F4, 0x104F5,
        0x104F6, 0x104F7, 0x104F8, 0x104F9, 0x104FA, 0x104FB, 0x10570, 0x10571, 0x10572, 0x10573, 0x10574, 0x10575, 0x10576, 0x10577, 0x10578, 0x10579,
        0x1057A, 0x1057C, 0x1057D, 0x1057E, 0x1057F, 0x10580, 0x10581, 0x10582, 0x10583, 0x10584, 0x10585, 0x10586, 0x10587, 0x10588, 0x10589, 0x1058A,
        0x1058C, 0x1058D, 0x1058E, 0x1058F, 0x10590, 0x10591, 0x10592, 0x10594, 0x10595, 0x10597, 0x10598, 0x10599, 0x1059A, 0x1059B, 0x1059C, 0x1059D,
        0x1059E, 0x1059F, 0x105A0, 0x105A1, 0x105A3, 0x105A4, 0x105A5, 0x105A6, 0x105A7, 0x105A8, 0x105A9, 0x105AA, 0x105AB, 0x105AC, 0x105AD, 0x105AE,
        0x105AF, 0x105B0, 0x105B1, 0x105B3, 0x105B4, 0x105B5, 0x105B6, 0x105B7, 0x105B8, 0x105B9, 0x105BB, 0x105BC, 0x10C80, 0x10C81, 0x10C82, 0x10C83,
        0x10C84, 0x10C85, 0x10C86, 0x10C87, 0x10C88, 0x10C89, 0x10C8A, 0x10C8B, 0x10C8C, 0x10C8D, 0x10C8E, 0x10C8F, 0x10C90, 0x10C91, 0x10C92, 0x10C93,
        0x10C94, 0x10C95, 0x10C96, 0x10C97, 0x10C98, 0x10C99, 0x10C9A, 0x10C9B, 0x10C9C, 0x10C9D, 0x10C9E, 0x10C9F, 0x10CA0, 0x10CA1, 0x10CA2, 0x10CA3,
        0x10CA4, 0x10CA5, 0x10CA6, 0x10CA7, 0x10CA8, 0x10CA9, 0x10CAA, 0x10CAB, 0x10CAC, 0x10CAD, 0x10CAE, 0x10CAF, 0x10CB0, 0x10CB1, 0x10CB2, 0x10CC0,
        0x10CC1, 0x10CC2, 0x10CC3, 0x10CC4, 0x10CC5, 0x10CC6, 0x10CC7, 0x10CC8, 0x10CC9, 0x10CCA, 0x10CCB, 0x10CCC, 0x10CCD, 0x10CCE, 0x10CCF, 0x10CD0,
        0x10CD1, 0x10CD2, 0x10CD3, 0x10CD4, 0x10CD5, 0x10CD6, 0x10CD7, 0x10CD8, 0x10CD9, 0x10CDA, 0x10CDB, 0x10CDC, 0x10CDD, 0x10CDE, 0x10CDF, 0x10CE0,
        0x10CE1, 0x10CE2, 0x10CE3, 0x10CE4, 0x10CE5, 0x10CE6, 0x10CE7, 0x10CE8, 0x10CE9, 0x10CEA, 0x10CEB, 0x10CEC, 0x10CED, 0x10CEE, 0x10CEF, 0x10CF0,
        0x10CF1, 0x10CF2, 0x118A0, 0x118A1, 0x118A2, 0x118A3, 0x118A4, 0x118A5, 0x118A6, 0x118A7, 0x118A8, 0x118A9, 0x118AA, 0x118AB, 0x118AC, 0x118AD,
        0x118AE, 0x118AF, 0x118B0, 0x118B1, 0x118B2, 0x118B3, 0x118B4, 0x118B5, 0x118B6, 0x118B7, 0x118B8, 0x118B9, 0x118BA, 0x118BB, 0x118BC, 0x118BD,
        0x118BE, 0x118BF, 0x118C0, 0x118C1, 0x118C2, 0x118C3, 0x118C4, 0x118C5, 0x118C6, 0x118C7, 0x118C8, 0x118C9, 0x118CA, 0x118CB, 0x118CC, 0x118CD,
        0x118CE, 0x118CF, 0x118D0, 0x118D1, 0x118D2, 0x118D3, 0x118D4, 0x118D5, 0x118D6, 0x118D7, 0x118D8, 0x118D9, 0x118DA, 0x118DB, 0x118DC, 0x118DD,
        0x118DE, 0x118DF, 0x16E40, 0x16E41, 0x16E42, 0x16E43, 0x16E44, 0x16E45, 0x16E46, 0x16E47, 0x16E48, 0x16E49, 0x16E4A, 0x16E4B, 0x16E4C, 0x16E4D,
        0x16E4E, 0x16E4F, 0x16E50, 0x16E51, 0x16E52, 0x16E53, 0x16E54, 0x16E55, 0x16E56, 0x16E57, 0x16E58, 0x16E59, 0x16E5A, 0x16E5B, 0x16E5C, 0x16E5D,
        0x16E5E, 0x16E5F, 0x16E60, 0x16E61, 0x16E62, 0x16E63, 0x16E64, 0x16E65, 0x16E66, 0x16E67, 0x16E68, 0x16E69, 0x16E6A, 0x16E6B, 0x16E6C, 0x16E6D,
        0x16E6E, 0x16E6F, 0x16E70, 0x16E71, 0x16E72, 0x16E73, 0x16E74, 0x16E75, 0x16E76, 0x16E77, 0x16E78, 0x16E79, 0x16E7A, 0x16E7B, 0x16E7C, 0x16E7D,
        0x16E7E, 0x16E7F, 0x1E900, 0x1E901, 0x1E902, 0x1E903, 0x1E904, 0x1E905, 0x1E906, 0x1E907, 0x1E908, 0x1E909, 0x1E90A, 0x1E90B, 0x1E90C, 0x1E90D,
        0x1E90E, 0x1E90F, 0x1E910, 0x1E911, 0x1E912, 0x1E913, 0x1E914, 0x1E915, 0x1E916, 0x1E917, 0x1E918, 0x1E919, 0x1E91A, 0x1E91B, 0x1E91C, 0x1E91D,
        0x1E91E, 0x1E91F, 0x1E920, 0x1E921, 0x1E922, 0x1E923, 0x1E924, 0x1E925, 0x1E926, 0x1E927, 0x1E928, 0x1E929, 0x1E92A, 0x1E92B, 0x1E92C, 0x1E92D,
        0x1E92E, 0x1E92F, 0x1E930, 0x1E931, 0x1E932, 0x1E933, 0x1E934, 0x1E935, 0x1E936, 0x1E937, 0x1E938, 0x1E939, 0x1E93A, 0x1E93B, 0x1E93C, 0x1E93D,
        0x1E93E, 0x1E93F, 0x1E940, 0x1E941, 0x1E942, 0x1E943,
    ];

    private static readonly int[] s_offsets =
    [
        0x0, 0x2, 0x4, 0x6, 0x8, 0xA, 0xC, 0xE, 0x10, 0x13, 0x15, 0x18, 0x1A, 0x1C, 0x1E, 0x20,
        0x22, 0x24, 0x26, 0x29, 0x2B, 0x2D, 0x2F, 0x31, 0x33, 0x35, 0x37, 0x39, 0x3B, 0x3D, 0x3F, 0x41,
        0x43, 0x45, 0x47, 0x4A, 0x4C, 0x4F, 0x51, 0x53, 0x55, 0x57, 0x59, 0x5B, 0x5D, 0x60, 0x62, 0x64,
        0x66, 0x68, 0x6A, 0x6C, 0x6E, 0x71, 0x73, 0x75, 0x77, 0x79, 0x7B, 0x7E, 0x80, 0x82, 0x84, 0x86,
        0x88, 0x8A, 0x8C, 0x8E, 0x90, 0x92, 0x94, 0x96, 0x98, 0x9A, 0x9C, 0x9E, 0xA0, 0xA2, 0xA4, 0xA6,
        0xA8, 0xAA, 0xAC, 0xAE, 0xB0, 0xB2, 0xB4, 0xB6, 0xB8, 0xBA, 0xBD, 0xBF, 0xC1, 0xC3, 0xC5, 0xC7,
        0xC9, 0xCB, 0xCD, 0xCF, 0xD1, 0xD3, 0xD5, 0xD7, 0xD9, 0xDB, 0xDD, 0xDF, 0xE1, 0xE3, 0xE5, 0xE7,
        0xE9, 0xEB, 0xED, 0xEF, 0xF1, 0xF3, 0xF5, 0xF7, 0xF9, 0xFB, 0xFD, 0xFF, 0x101, 0x103, 0x105, 0x107,
        0x109, 0x10B, 0x10D, 0x10F, 0x111, 0x113, 0x115, 0x117, 0x119, 0x11B, 0x11D, 0x11F, 0x121, 0x123, 0x125, 0x127,
        0x129, 0x12B, 0x12D, 0x12F, 0x131, 0x133, 0x135, 0x137, 0x139, 0x13B, 0x13D, 0x13F, 0x141, 0x143, 0x145, 0x147,
        0x149, 0x14B, 0x14D, 0x14F, 0x151, 0x153, 0x155, 0x157, 0x159, 0x15B, 0x15D, 0x15F, 0x161, 0x163, 0x165, 0x167,
        0x169, 0x16B, 0x16D, 0x16F, 0x171, 0x173, 0x175, 0x177, 0x179, 0x17B, 0x17D, 0x17F, 0x181, 0x183, 0x185, 0x187,
        0x189, 0x18B, 0x18D, 0x18F, 0x191, 0x193, 0x195, 0x197, 0x199, 0x19B, 0x19D, 0x19F, 0x1A1, 0x1A3, 0x1A5, 0x1A7,
        0x1A9, 0x1AB, 0x1AD, 0x1AF, 0x1B1, 0x1B3, 0x1B5, 0x1B7, 0x1B9, 0x1BB, 0x1BD, 0x1BF, 0x1C1, 0x1C3, 0x1C5, 0x1C7,
        0x1C9, 0x1CB, 0x1CD, 0x1CF, 0x1D1, 0x1D3, 0x1D5, 0x1D7, 0x1D9, 0x1DB, 0x1DD, 0x1DF, 0x1E1, 0x1E3, 0x1E5, 0x1E7,
        0x1E9, 0x1EC, 0x1EE, 0x1F0, 0x1F2, 0x1F4, 0x1F6, 0x1F8, 0x1FA, 0x1FC, 0x1FE, 0x200, 0x202, 0x204, 0x206, 0x208,
        0x20A, 0x20C, 0x20E, 0x210, 0x212, 0x214, 0x216, 0x218, 0x21A, 0x21C, 0x21E, 0x220, 0x222, 0x224, 0x226, 0x228,
        0x22A, 0x22C, 0x22E, 0x230, 0x232, 0x234, 0x236, 0x238, 0x23A, 0x23C, 0x23E, 0x240, 0x242, 0x244, 0x246, 0x248,
        0x24A, 0x24C, 0x24E, 0x250, 0x252, 0x254, 0x256, 0x258, 0x25A, 0x25C, 0x25E, 0x261, 0x264, 0x267, 0x26A, 0x26D,
        0x270, 0x273, 0x276, 0x279, 0x27B, 0x27D, 0x27F, 0x281, 0x283, 0x285, 0x287, 0x289, 0x28B, 0x28D, 0x28F, 0x291,
        0x293, 0x295, 0x297, 0x299, 0x29B, 0x29D, 0x29F, 0x2A1, 0x2A3, 0x2A5, 0x2A7, 0x2A9, 0x2AB, 0x2AD, 0x2AF, 0x2B1,
        0x2B3, 0x2B5, 0x2B7, 0x2B9, 0x2BB, 0x2BD, 0x2BF, 0x2C2, 0x2C5, 0x2C8, 0x2CA, 0x2CC, 0x2CE, 0x2D0, 0x2D2, 0x2D4,
        0x2D6, 0x2D8, 0x2DA, 0x2DC, 0x2DE, 0x2E0, 0x2E2, 0x2E4, 0x2E6, 0x2E8, 0x2EA, 0x2EC, 0x2EE, 0x2F0, 0x2F2, 0x2F4,
        0x2F6, 0x2F8, 0x2FA, 0x2FC, 0x2FE, 0x300, 0x302, 0x304, 0x306, 0x308, 0x30A, 0x30C, 0x30E, 0x310, 0x312, 0x314,
        0x316, 0x318, 0x31A, 0x31C, 0x31E, 0x320, 0x322, 0x324, 0x326, 0x328, 0x32A, 0x32C, 0x32E, 0x330, 0x332, 0x334,
        0x336, 0x338, 0x33A, 0x33C, 0x33E, 0x340, 0x342, 0x344, 0x346, 0x348, 0x34A, 0x34C, 0x34E, 0x350, 0x352, 0x354,
        0x356, 0x358, 0x35A, 0x35C, 0x35E, 0x360, 0x362, 0x364, 0x366, 0x368, 0x36A, 0x36C, 0x36E, 0x370, 0x372, 0x374,
        0x376, 0x378, 0x37A, 0x37C, 0x37E, 0x380, 0x382, 0x384, 0x386, 0x388, 0x38A, 0x38C, 0x38E, 0x390, 0x392, 0x394,
        0x396, 0x398, 0x39A, 0x39C, 0x39E, 0x3A0, 0x3A2, 0x3A4, 0x3A6, 0x3A8, 0x3AA, 0x3AC, 0x3AE, 0x3B0, 0x3B2, 0x3B4,
        0x3B6, 0x3B8, 0x3BA, 0x3BC, 0x3C0, 0x3C2, 0x3C4, 0x3C6, 0x3C8, 0x3CA, 0x3CC, 0x3CE, 0x3D0, 0x3D2, 0x3D4, 0x3D6,
        0x3D8, 0x3DA, 0x3DC, 0x3DE, 0x3E0, 0x3E2, 0x3E4, 0x3E6, 0x3E9, 0x3EB, 0x3ED, 0x3F0, 0x3F2, 0x3F4, 0x3F8, 0x3FC,
        0x3FF, 0x401, 0x404, 0x406, 0x408, 0x40A, 0x40D, 0x410, 0x413, 0x415, 0x417, 0x41A, 0x41C, 0x41E, 0x421, 0x423,
        0x425, 0x427, 0x429, 0x42B, 0x42D, 0x42F, 0x431, 0x434, 0x436, 0x438, 0x43B, 0x43D, 0x43F, 0x443, 0x447, 0x44A,
        0x44C, 0x44F, 0x451, 0x453, 0x455, 0x458, 0x45B, 0x45E, 0x461, 0x463, 0x465, 0x468, 0x46A, 0x46C, 0x46F, 0x471,
        0x473, 0x475, 0x477, 0x479, 0x47B, 0x47E, 0x482, 0x485, 0x488, 0x48A, 0x48C, 0x48E, 0x490, 0x492, 0x494, 0x496,
        0x498, 0x49A, 0x49C, 0x49E, 0x4A0, 0x4A2, 0x4A4, 0x4A6, 0x4A8, 0x4AA, 0x4AC, 0x4AE, 0x4B0, 0x4B2, 0x4B4, 0x4B6,
        0x4B8, 0x4BA, 0x4BD, 0x4C0, 0x4C2, 0x4C4, 0x4C8, 0x4CB, 0x4CD, 0x4CF, 0x4D1, 0x4D3, 0x4D5, 0x4D7, 0x4D9, 0x4DB,
        0x4DD, 0x4DF, 0x4E1, 0x4E3, 0x4E5, 0x4E7, 0x4E9, 0x4EB, 0x4ED, 0x4EF, 0x4F1, 0x4F3, 0x4F5, 0x4F7, 0x4F9, 0x4FB,
        0x4FD, 0x4FF, 0x502, 0x504, 0x507, 0x509, 0x50B, 0x50D, 0x50F, 0x511, 0x513, 0x515, 0x517, 0x519, 0x51C, 0x51E,
        0x520, 0x523, 0x527, 0x529, 0x52B, 0x52D, 0x52F, 0x531, 0x533, 0x535, 0x538, 0x53A, 0x53C, 0x53E, 0x540, 0x542,
        0x544, 0x546, 0x549, 0x54B, 0x54E, 0x550, 0x552, 0x554, 0x556, 0x558, 0x55A, 0x55C, 0x55E, 0x560, 0x563, 0x565,
        0x567, 0x56A, 0x56E, 0x570, 0x572, 0x574, 0x576, 0x578, 0x57A, 0x57C, 0x57F, 0x581, 0x583, 0x585, 0x587, 0x589,
        0x58B, 0x58D, 0x58F, 0x591, 0x593, 0x595, 0x597, 0x599, 0x59B, 0x59D, 0x59F, 0x5A1, 0x5A3, 0x5A5, 0x5A7, 0x5A9,
        0x5AB, 0x5AD, 0x5B0, 0x5B3, 0x5B5, 0x5B7, 0x5B9, 0x5BB, 0x5BD, 0x5BF, 0x5C1, 0x5C3, 0x5C5, 0x5C7, 0x5C9, 0x5CB,
        0x5CD, 0x5CF, 0x5D1, 0x5D3, 0x5D5, 0x5D7, 0x5D9, 0x5DB, 0x5DD, 0x5DF, 0x5E1, 0x5E3, 0x5E5, 0x5E7, 0x5E9, 0x5EB,
        0x5ED, 0x5EF, 0x5F1, 0x5F3, 0x5F5, 0x5F7, 0x5F9, 0x5FB, 0x5FD, 0x5FF, 0x601, 0x603, 0x605, 0x607, 0x609, 0x60B,
        0x60D, 0x60F, 0x611, 0x613, 0x615, 0x617, 0x619, 0x61B, 0x61D, 0x61F, 0x621, 0x623, 0x625, 0x627, 0x629, 0x62B,
        0x62D, 0x62F, 0x631, 0x633, 0x635, 0x637, 0x639, 0x63B, 0x63D, 0x63F, 0x641, 0x643, 0x645, 0x647, 0x649, 0x64B,
        0x64D, 0x64F, 0x651, 0x653, 0x655, 0x657, 0x659, 0x65B, 0x65D, 0x65F, 0x661, 0x663, 0x665, 0x667, 0x669, 0x66B,
        0x66D, 0x66F, 0x671, 0x673, 0x675, 0x677, 0x679, 0x67B, 0x67D, 0x67F, 0x681, 0x683, 0x685, 0x687, 0x689, 0x68B,
        0x68D, 0x68F, 0x691, 0x693, 0x695, 0x697, 0x699, 0x69B, 0x69D, 0x69F, 0x6A1, 0x6A3, 0x6A5, 0x6A7, 0x6A9, 0x6AB,
        0x6AD, 0x6AF, 0x6B1, 0x6B3, 0x6B5, 0x6B7, 0x6B9, 0x6BB, 0x6BD, 0x6BF, 0x6C1, 0x6C3, 0x6C5, 0x6C7, 0x6C9, 0x6CB,
        0x6CD, 0x6CF, 0x6D1, 0x6D3, 0x6D5, 0x6D7, 0x6D9, 0x6DB, 0x6DD, 0x6DF, 0x6E1, 0x6E3, 0x6E5, 0x6E7, 0x6E9, 0x6EB,
        0x6ED, 0x6EF, 0x6F1, 0x6F3, 0x6F5, 0x6F7, 0x6F9, 0x6FB, 0x6FD, 0x6FF, 0x701, 0x703, 0x705, 0x707, 0x709, 0x70B,
        0x70D, 0x70F, 0x711, 0x713, 0x715, 0x717, 0x719, 0x71B, 0x71D, 0x71F, 0x721, 0x723, 0x725, 0x727, 0x729, 0x72B,
        0x72D, 0x72F, 0x731, 0x733, 0x735, 0x737, 0x739, 0x73B, 0x73D, 0x73F, 0x741, 0x743, 0x745, 0x747, 0x749, 0x74B,
        0x74D, 0x74F, 0x751, 0x753, 0x755, 0x757, 0x759, 0x75B, 0x75D, 0x75F, 0x761, 0x763, 0x765, 0x767, 0x769, 0x76B,
        0x76D, 0x76F, 0x771, 0x773, 0x775, 0x777, 0x779, 0x77B, 0x77D, 0x77F, 0x781, 0x783, 0x785, 0x787, 0x789, 0x78B,
        0x78D, 0x78F, 0x791, 0x793, 0x795, 0x797, 0x799, 0x79B, 0x79D, 0x79F, 0x7A1, 0x7A3, 0x7A5, 0x7A7, 0x7A9, 0x7AB,
        0x7AD, 0x7AF, 0x7B1, 0x7B3, 0x7B5, 0x7B7, 0x7B9, 0x7BB, 0x7BD, 0x7BF, 0x7C1, 0x7C3, 0x7C5, 0x7C7, 0x7C9, 0x7CB,
        0x7CD, 0x7CF, 0x7D1, 0x7D3, 0x7D5, 0x7D7, 0x7D9, 0x7DB, 0x7DD, 0x7DF, 0x7E1, 0x7E3, 0x7E5, 0x7E7, 0x7E9, 0x7EB,
        0x7ED, 0x7EF, 0x7F1, 0x7F3, 0x7F5, 0x7F7, 0x7F9, 0x7FB, 0x7FD, 0x7FF, 0x801, 0x803, 0x805, 0x807, 0x809, 0x80B,
        0x80D, 0x80F, 0x811, 0x813, 0x815, 0x817, 0x819, 0x81B, 0x81D, 0x81F, 0x821, 0x823, 0x825, 0x827, 0x829, 0x82B,
        0x82D, 0x82F, 0x831, 0x833, 0x835, 0x837, 0x839, 0x83B, 0x83D, 0x83F, 0x841, 0x843, 0x845, 0x847, 0x849, 0x84B,
        0x84D, 0x84F, 0x851, 0x853, 0x855, 0x857, 0x859, 0x85B, 0x85D, 0x85F, 0x861, 0x863, 0x865, 0x867, 0x869, 0x86B,
        0x86D, 0x86F, 0x871, 0x873, 0x875, 0x877, 0x879, 0x87B, 0x87D, 0x87F, 0x881, 0x883, 0x885, 0x887, 0x889, 0x88B,
        0x88D, 0x88F, 0x891, 0x893, 0x895, 0x897, 0x899, 0x89B, 0x89D, 0x89F, 0x8A1, 0x8A3, 0x8A5, 0x8A7, 0x8A9, 0x8AB,
        0x8AD, 0x8AF, 0x8B1, 0x8B3, 0x8B5, 0x8B7, 0x8B9, 0x8BB, 0x8BD, 0x8BF, 0x8C1, 0x8C3, 0x8C5, 0x8C7, 0x8C9, 0x8CB,
        0x8CD, 0x8CF, 0x8D1, 0x8D3, 0x8D5, 0x8D7, 0x8D9, 0x8DB, 0x8DD, 0x8DF, 0x8E1, 0x8E3, 0x8E5, 0x8E7, 0x8E9, 0x8EB,
        0x8ED, 0x8EF, 0x8F1, 0x8F3, 0x8F5, 0x8F7, 0x8F9, 0x8FB, 0x8FD, 0x8FF, 0x901, 0x903, 0x905, 0x907, 0x909, 0x90B,
        0x90D, 0x90F, 0x911, 0x913, 0x915, 0x917, 0x919, 0x91B, 0x91D, 0x91F, 0x921, 0x923, 0x925, 0x927, 0x929, 0x92B,
        0x92D, 0x92F, 0x931, 0x933, 0x935, 0x937, 0x93A, 0x93D, 0x940, 0x943, 0x947, 0x94B, 0x94E, 0x951, 0x954, 0x956,
        0x958, 0x95A, 0x95C, 0x95E, 0x960, 0x962, 0x964, 0x966, 0x968, 0x96A, 0x96C, 0x96E, 0x970, 0x972, 0x974, 0x976,
        0x978, 0x97A, 0x97C, 0x97E, 0x980, 0x982, 0x984, 0x986, 0x988, 0x98A, 0x98C, 0x98E, 0x990, 0x992, 0x994, 0x996,
        0x998, 0x99A, 0x99C, 0x99E, 0x9A0, 0x9A2, 0x9A4, 0x9A6, 0x9A8, 0x9AA, 0x9AC, 0x9AE, 0x9B0, 0x9B2, 0x9B4, 0x9B6,
        0x9B8, 0x9BA, 0x9BC, 0x9BE, 0x9C0, 0x9C2, 0x9C4, 0x9C6, 0x9C8, 0x9CA, 0x9CC, 0x9CE, 0x9D0, 0x9D2, 0x9D4, 0x9D6,
        0x9D8, 0x9DA, 0x9DC, 0x9DE, 0x9E0, 0x9E2, 0x9E4, 0x9E6, 0x9E8, 0x9EA, 0x9EC, 0x9EE, 0x9F0, 0x9F2, 0x9F4, 0x9F6,
        0x9F8, 0x9FA, 0x9FC, 0x9FE, 0xA00, 0xA02, 0xA04, 0xA06, 0xA08, 0xA0A, 0xA0C, 0xA0E, 0xA10, 0xA12, 0xA14, 0xA16,
        0xA18, 0xA1A, 0xA1C, 0xA1E, 0xA20, 0xA22, 0xA24, 0xA26, 0xA28, 0xA2A, 0xA2C, 0xA2E, 0xA30, 0xA32, 0xA34, 0xA36,
        0xA38, 0xA3A, 0xA3C, 0xA3E, 0xA40, 0xA42, 0xA44, 0xA46, 0xA48, 0xA4A, 0xA4C, 0xA4E, 0xA50, 0xA52, 0xA54, 0xA56,
        0xA58, 0xA5A, 0xA5C, 0xA5E, 0xA60, 0xA62, 0xA64, 0xA66, 0xA68, 0xA6A, 0xA6C, 0xA6E, 0xA70, 0xA72, 0xA74, 0xA76,
        0xA79, 0xA7C, 0xA7E, 0xA80, 0xA82, 0xA84, 0xA86, 0xA88, 0xA8A, 0xA8C, 0xA8E, 0xA90, 0xA92, 0xA94, 0xA96, 0xA98,
        0xA9A, 0xA9C, 0xA9E, 0xAA0, 0xAA2, 0xAA4, 0xAA6, 0xAA8, 0xAAA, 0xAAC, 0xAAE, 0xAB0, 0xAB2, 0xAB4, 0xAB6, 0xAB8,
        0xABA, 0xABC, 0xABE, 0xAC0, 0xAC2, 0xAC4, 0xAC6, 0xAC8, 0xACA, 0xACC, 0xACE, 0xAD0, 0xAD2, 0xAD4, 0xAD6, 0xAD8,
        0xADA, 0xADC, 0xADE, 0xAE0, 0xAE2, 0xAE4, 0xAE7, 0xAE9, 0xAEB, 0xAED, 0xAEF, 0xAF1, 0xAF3, 0xAF5, 0xAF7, 0xAF9,
        0xAFB, 0xAFD, 0xAFF, 0xB01, 0xB03, 0xB05, 0xB07, 0xB09, 0xB0B, 0xB0D, 0xB0F, 0xB11, 0xB13, 0xB15, 0xB17, 0xB19,
        0xB1B, 0xB1D, 0xB1F, 0xB21, 0xB23, 0xB25, 0xB27, 0xB29, 0xB2B, 0xB2D, 0xB2F, 0xB31, 0xB33, 0xB35, 0xB37, 0xB39,
        0xB3B, 0xB3D, 0xB3F, 0xB41, 0xB43, 0xB45, 0xB47, 0xB49, 0xB4B, 0xB4D, 0xB4F, 0xB51, 0xB53, 0xB55, 0xB57, 0xB59,
        0xB5B, 0xB5D, 0xB5F, 0xB61, 0xB63, 0xB65, 0xB67, 0xB69, 0xB6B, 0xB6D, 0xB6F, 0xB71, 0xB73, 0xB75, 0xB77, 0xB79,
        0xB7B, 0xB7D, 0xB7F, 0xB81, 0xB83, 0xB85, 0xB87, 0xB89, 0xB8B, 0xB8D, 0xB8F, 0xB91, 0xB93, 0xB95, 0xB97, 0xB99,
        0xB9B, 0xB9D, 0xB9F, 0xBA1, 0xBA3, 0xBA5, 0xBA7, 0xBA9, 0xBAB, 0xBAD, 0xBAF, 0xBB1, 0xBB3, 0xBB5, 0xBB7, 0xBB9,
        0xBBB, 0xBBD, 0xBBF, 0xBC1, 0xBC3, 0xBC5, 0xBC7, 0xBC9, 0xBCB, 0xBCD, 0xBCF, 0xBD1, 0xBD3, 0xBD5, 0xBD7, 0xBD9,
        0xBDB, 0xBDD, 0xBDF, 0xBE1, 0xBE3, 0xBE5, 0xBE7, 0xBE9, 0xBEB, 0xBED, 0xBEF, 0xBF1, 0xBF3, 0xBF5, 0xBF7, 0xBF9,
        0xBFB, 0xBFD, 0xBFF, 0xC01, 0xC03, 0xC05, 0xC07, 0xC09, 0xC0B, 0xC0D, 0xC0F, 0xC11, 0xC13, 0xC15, 0xC17, 0xC19,
        0xC1B, 0xC1D, 0xC1F, 0xC21, 0xC23, 0xC25, 0xC27, 0xC29, 0xC2B, 0xC2D, 0xC2F, 0xC31, 0xC33, 0xC35, 0xC37, 0xC39,
        0xC3B, 0xC3D, 0xC3F, 0xC41, 0xC43, 0xC45, 0xC47, 0xC49, 0xC4B, 0xC4D, 0xC4F, 0xC51, 0xC53, 0xC55, 0xC57, 0xC59,
        0xC5B, 0xC5D, 0xC5F, 0xC61, 0xC63, 0xC65, 0xC67, 0xC69, 0xC6B, 0xC6D, 0xC6F, 0xC71, 0xC73, 0xC75, 0xC77, 0xC79,
        0xC7B, 0xC7D, 0xC7F, 0xC81, 0xC83, 0xC85, 0xC87, 0xC89, 0xC8B, 0xC8D, 0xC8F, 0xC91, 0xC93, 0xC95, 0xC97, 0xC99,
        0xC9B, 0xC9D, 0xC9F, 0xCA1, 0xCA3, 0xCA5, 0xCA7, 0xCA9, 0xCAB, 0xCAD, 0xCAF, 0xCB1, 0xCB3, 0xCB5, 0xCB7, 0xCB9,
        0xCBB, 0xCBD, 0xCBF, 0xCC1, 0xCC3, 0xCC5, 0xCC7, 0xCC9, 0xCCB, 0xCCD, 0xCCF, 0xCD1, 0xCD3, 0xCD5, 0xCD7, 0xCD9,
        0xCDB, 0xCDD, 0xCDF, 0xCE1, 0xCE3, 0xCE5, 0xCE7, 0xCE9, 0xCEB, 0xCED, 0xCEF, 0xCF1, 0xCF3, 0xCF5, 0xCF9, 0xCFB,
        0xCFD, 0xCFF, 0xD01, 0xD03, 0xD05, 0xD07, 0xD09, 0xD0B, 0xD0D, 0xD0F, 0xD11, 0xD13, 0xD15, 0xD17, 0xD19, 0xD1B,
        0xD1D, 0xD1F, 0xD21, 0xD23, 0xD25, 0xD27, 0xD29, 0xD2B, 0xD2D, 0xD2F, 0xD31, 0xD34, 0xD37, 0xD3A, 0xD3C, 0xD3E,
        0xD40, 0xD42, 0xD44, 0xD46, 0xD48, 0xD4A, 0xD4C, 0xD4E, 0xD50, 0xD52, 0xD54, 0xD56, 0xD58, 0xD5A, 0xD5C, 0xD5E,
        0xD60, 0xD62, 0xD64, 0xD66, 0xD68, 0xD6A, 0xD6C, 0xD6E, 0xD70, 0xD72, 0xD74, 0xD76, 0xD78, 0xD7A, 0xD7C, 0xD7E,
        0xD80, 0xD82, 0xD84, 0xD86, 0xD88, 0xD8A, 0xD8C, 0xD8E, 0xD90, 0xD92, 0xD94, 0xD96, 0xD98, 0xD9A, 0xD9C, 0xD9E,
        0xDA0, 0xDA2, 0xDA4, 0xDA6, 0xDA8, 0xDAA, 0xDAC, 0xDAE, 0xDB0, 0xDB2, 0xDB4, 0xDB6, 0xDB8, 0xDBA, 0xDBC, 0xDBE,
        0xDC0, 0xDC2, 0xDC4, 0xDC6, 0xDC8, 0xDCA, 0xDCC, 0xDCE, 0xDD0, 0xDD2, 0xDD4, 0xDD6, 0xDD8, 0xDDA, 0xDDC, 0xDDE,
        0xDE0, 0xDE2, 0xDE4, 0xDE6, 0xDE8, 0xDEA, 0xDEC, 0xDEE, 0xDF0, 0xDF2, 0xDF4, 0xDF6, 0xDF8, 0xDFA, 0xDFC, 0xDFE,
        0xE00, 0xE02, 0xE04, 0xE06, 0xE08, 0xE0A, 0xE0C, 0xE0E, 0xE10, 0xE12, 0xE14, 0xE16, 0xE18, 0xE1A, 0xE1C, 0xE1E,
        0xE20, 0xE22, 0xE24, 0xE26, 0xE28, 0xE2A, 0xE2C, 0xE2E, 0xE30, 0xE32, 0xE34, 0xE36, 0xE38, 0xE3A, 0xE3C, 0xE3E,
        0xE40, 0xE42, 0xE44, 0xE46, 0xE48, 0xE4A, 0xE4C, 0xE4E, 0xE50, 0xE52, 0xE54, 0xE56, 0xE58, 0xE5A, 0xE5C, 0xE5E,
        0xE60, 0xE62, 0xE64, 0xE66, 0xE68, 0xE6A, 0xE6C, 0xE6E, 0xE70, 0xE72, 0xE74, 0xE76, 0xE78, 0xE7A, 0xE7C, 0xE7E,
        0xE80, 0xE82, 0xE84, 0xE86, 0xE88, 0xE8A, 0xE8C, 0xE8E, 0xE90, 0xE92, 0xE94, 0xE96, 0xE98, 0xE9A, 0xE9C, 0xE9E,
        0xEA0, 0xEA2, 0xEA4, 0xEA6, 0xEA8, 0xEAA, 0xEAC, 0xEAE, 0xEB0, 0xEB2, 0xEB4, 0xEB6, 0xEB8, 0xEBA, 0xEBC, 0xEBE,
        0xEC0, 0xEC2, 0xEC4, 0xEC6, 0xEC8, 0xECA, 0xECC, 0xECE, 0xED0, 0xED2, 0xED4, 0xED6, 0xED8, 0xEDA, 0xEDC, 0xEDE,
        0xEE0, 0xEE2, 0xEE4, 0xEE6, 0xEE8, 0xEEA, 0xEEC, 0xEEE, 0xEF0, 0xEF2, 0xEF4, 0xEF6, 0xEF8, 0xEFA, 0xEFC, 0xEFE,
        0xF00, 0xF02, 0xF04, 0xF06, 0xF08, 0xF0A, 0xF0C, 0xF0E, 0xF10, 0xF12, 0xF14, 0xF16, 0xF18, 0xF1A, 0xF1C, 0xF1E,
        0xF20, 0xF22, 0xF24, 0xF26, 0xF28, 0xF2A, 0xF2C, 0xF2E, 0xF30, 0xF32, 0xF34, 0xF36, 0xF38, 0xF3A, 0xF3C, 0xF3E,
        0xF40, 0xF42, 0xF44, 0xF46, 0xF48, 0xF4A, 0xF4C, 0xF4E, 0xF50, 0xF52, 0xF54, 0xF56, 0xF58, 0xF5A, 0xF5C, 0xF5E,
        0xF60, 0xF62, 0xF64, 0xF66, 0xF68, 0xF6A, 0xF6C, 0xF6E, 0xF70, 0xF72, 0xF74, 0xF76, 0xF78, 0xF7A, 0xF7C, 0xF7E,
        0xF80, 0xF82, 0xF84, 0xF86, 0xF88, 0xF8A, 0xF8C, 0xF8E, 0xF90, 0xF92, 0xF94, 0xF96, 0xF98, 0xF9A, 0xF9C, 0xF9E,
        0xFA0, 0xFA2, 0xFA4, 0xFA6, 0xFA8, 0xFAA, 0xFAC, 0xFAE, 0xFB0, 0xFB2, 0xFB4, 0xFB6, 0xFB8, 0xFBA, 0xFBC, 0xFBE,
        0xFC0, 0xFC2, 0xFC4, 0xFC6, 0xFC8, 0xFCA, 0xFCC, 0xFCE, 0xFD0, 0xFD2, 0xFD4, 0xFD6, 0xFD8, 0xFDA, 0xFDC, 0xFDE,
        0xFE0, 0xFE2, 0xFE4, 0xFE6, 0xFE8, 0xFEA, 0xFEC, 0xFEE, 0xFF0, 0xFF2, 0xFF4, 0xFF6, 0xFF8, 0xFFA, 0xFFC, 0xFFE,
        0x1000, 0x1002, 0x1004, 0x1006, 0x1008, 0x100A, 0x100C, 0x100E, 0x1010, 0x1013, 0x1016, 0x1018, 0x101A, 0x101C, 0x101E, 0x1020,
        0x1022, 0x1024, 0x1026, 0x1028, 0x102A, 0x102C, 0x102E, 0x1030, 0x1032, 0x1034, 0x1036, 0x1038, 0x103A, 0x103C, 0x103E, 0x1040,
        0x1042, 0x1044, 0x1046, 0x1048, 0x104A, 0x104C, 0x104E, 0x1050, 0x1052, 0x1054, 0x1056, 0x1058, 0x105A, 0x105C, 0x105E, 0x1060,
        0x1062, 0x1064, 0x1066, 0x1068, 0x106A, 0x106C, 0x106E, 0x1070, 0x1072, 0x1074, 0x1076, 0x1078, 0x107A, 0x107C, 0x107E, 0x1080,
        0x1082, 0x1084, 0x1086, 0x1088, 0x108A, 0x108C, 0x108E, 0x1090, 0x1092, 0x1094, 0x1096, 0x1098, 0x109A, 0x109C, 0x109E, 0x10A0,
        0x10A2, 0x10A4, 0x10A6, 0x10A8, 0x10AA, 0x10AC, 0x10AE, 0x10B0, 0x10B2, 0x10B4, 0x10B6, 0x10B8, 0x10BA, 0x10BC, 0x10BE, 0x10C0,
        0x10C2, 0x10C4, 0x10C6, 0x10C8, 0x10CA, 0x10CC, 0x10CE, 0x10D0, 0x10D2, 0x10D4, 0x10D6, 0x10D8, 0x10DA, 0x10DC, 0x10DE, 0x10E0,
        0x10E2, 0x10E4, 0x10E6, 0x10E8, 0x10EA, 0x10EC, 0x10EE, 0x10F0, 0x10F2, 0x10F4, 0x10F6, 0x10F8, 0x10FA, 0x10FC, 0x10FE, 0x1100,
        0x1102, 0x1104, 0x1106, 0x1108, 0x110A, 0x110C, 0x110E, 0x1110, 0x1112, 0x1114, 0x1116, 0x1118, 0x111A, 0x111C, 0x111E, 0x1120,
        0x1122, 0x1124, 0x1126, 0x1128, 0x112A, 0x112C, 0x112E, 0x1130, 0x1132, 0x1134, 0x1136, 0x1138, 0x113A, 0x113C, 0x113E, 0x1140,
        0x1142, 0x1144, 0x1146, 0x1148, 0x114A, 0x114C, 0x114E, 0x1150, 0x1152, 0x1154, 0x1156, 0x1158, 0x115A, 0x115C, 0x115E, 0x1160,
        0x1162, 0x1164, 0x1166, 0x1168, 0x116A, 0x116C, 0x116E, 0x1170, 0x1172, 0x1174, 0x1176, 0x1178, 0x117A, 0x117C, 0x117E, 0x1180,
        0x1182, 0x1184, 0x1186, 0x1188, 0x118A, 0x118C, 0x118E, 0x1190, 0x1192, 0x1194, 0x1196, 0x1198, 0x119A, 0x119C, 0x119E, 0x11A0,
        0x11A2, 0x11A4, 0x11A6, 0x11A8, 0x11AA, 0x11AC, 0x11AE, 0x11B0, 0x11B2, 0x11B4, 0x11B6, 0x11B8, 0x11BA, 0x11BC, 0x11BE, 0x11C0,
        0x11C2, 0x11C4, 0x11C6, 0x11C8, 0x11CA, 0x11CC, 0x11CE, 0x11D0, 0x11D2, 0x11D4, 0x11D6, 0x11D8, 0x11DA, 0x11DC, 0x11DE, 0x11E0,
        0x11E2, 0x11E4, 0x11E6, 0x11E8, 0x11EA, 0x11EC, 0x11EE, 0x11F0, 0x11F2, 0x11F4, 0x11F6, 0x11F8, 0x11FA, 0x11FC, 0x11FE, 0x1200,
        0x1202, 0x1204, 0x1206, 0x1208, 0x120A, 0x120C, 0x120E, 0x1210, 0x1212, 0x1214, 0x1216, 0x1218, 0x121A, 0x121C, 0x121E, 0x1220,
        0x1222, 0x1224, 0x1226, 0x1228, 0x122A, 0x122C, 0x122E, 0x1230, 0x1232, 0x1234, 0x1236, 0x1238, 0x123A, 0x123C, 0x123E, 0x1240,
        0x1242, 0x1244, 0x1246, 0x1248, 0x124A, 0x124C, 0x124E, 0x1250, 0x1252, 0x1254, 0x1256, 0x1258, 0x125A, 0x125C, 0x125E, 0x1260,
        0x1262, 0x1264, 0x1266, 0x1268, 0x126A, 0x126C, 0x126E, 0x1270, 0x1272, 0x1274, 0x1276, 0x1278, 0x127A, 0x127C, 0x127E, 0x1280,
        0x1282, 0x1284, 0x1286, 0x1288, 0x128A, 0x128C, 0x128E, 0x1290, 0x1292, 0x1294, 0x1296, 0x1298, 0x129A, 0x129C, 0x129E, 0x12A0,
        0x12A2, 0x12A4, 0x12A6, 0x12A8, 0x12AA, 0x12AC, 0x12AE, 0x12B0, 0x12B2, 0x12B4, 0x12B6, 0x12B8, 0x12BA, 0x12BC, 0x12BE, 0x12C0,
        0x12C2, 0x12C4, 0x12C6, 0x12C8, 0x12CA, 0x12CC, 0x12CE, 0x12D0, 0x12D2, 0x12D4, 0x12D6, 0x12D8, 0x12DA, 0x12DC, 0x12DE, 0x12E0,
        0x12E2, 0x12E4, 0x12E6, 0x12E8, 0x12EA, 0x12EC, 0x12EE, 0x12F0, 0x12F2, 0x12F4, 0x12F6, 0x12F8, 0x12FA, 0x12FC, 0x12FE, 0x1300,
        0x1302, 0x1304, 0x1306, 0x1308, 0x130A, 0x130C, 0x130E, 0x1310, 0x1312, 0x1314, 0x1316, 0x1318, 0x131A, 0x131C, 0x131E, 0x1320,
        0x1322, 0x1324, 0x1326, 0x1328, 0x132A, 0x132C, 0x132E, 0x1330, 0x1332, 0x1334, 0x1336, 0x1338, 0x133A, 0x133C, 0x133E, 0x1340,
        0x1342, 0x1344, 0x1346, 0x1348, 0x134A, 0x134C, 0x134E, 0x1350, 0x1352, 0x1354, 0x1356, 0x1358, 0x135A, 0x135C, 0x135E, 0x1360,
        0x1362, 0x1364, 0x1366, 0x1368, 0x136A, 0x136C, 0x136E, 0x1370, 0x1372, 0x1374, 0x1376, 0x1378, 0x137A, 0x137C, 0x137E, 0x1380,
        0x1382, 0x1384, 0x1386, 0x1388, 0x138A, 0x138C, 0x138E, 0x1390, 0x1392, 0x1394, 0x1396, 0x1398, 0x139A, 0x139C, 0x139E, 0x13A0,
        0x13A2, 0x13A4, 0x13A6, 0x13A8, 0x13AA, 0x13AC, 0x13AE, 0x13B0, 0x13B2, 0x13B4, 0x13B6, 0x13B8, 0x13BA, 0x13BC, 0x13BE, 0x13C0,
        0x13C2, 0x13C4, 0x13C6, 0x13C8, 0x13CA, 0x13CC, 0x13CE, 0x13D0, 0x13D2, 0x13D4, 0x13D6, 0x13D8, 0x13DA, 0x13DC, 0x13DE, 0x13E0,
        0x13E2, 0x13E4, 0x13E6, 0x13E8, 0x13EA, 0x13EC, 0x13EE, 0x13F0, 0x13F2, 0x13F4, 0x13F6, 0x13F8, 0x13FA, 0x13FC, 0x13FE, 0x1400,
        0x1402, 0x1404, 0x1406, 0x1408, 0x140A, 0x140C, 0x140E, 0x1410, 0x1412, 0x1414, 0x1416, 0x1418, 0x141A, 0x141C, 0x141E, 0x1420,
        0x1422, 0x1424, 0x1426, 0x1428, 0x142A, 0x142C, 0x142E, 0x1430, 0x1432, 0x1434, 0x1436, 0x1438, 0x143A, 0x143C, 0x143E, 0x1440,
        0x1442, 0x1444, 0x1446, 0x1448, 0x144A, 0x144C, 0x144E, 0x1450, 0x1452, 0x1454, 0x1456, 0x1458, 0x145A, 0x145C, 0x145E, 0x1460,
        0x1462, 0x1464, 0x1466, 0x1468, 0x146A, 0x146C, 0x146E, 0x1470, 0x1472, 0x1474, 0x1476, 0x1478, 0x147A, 0x147C, 0x147E, 0x1480,
        0x1482, 0x1484, 0x1486, 0x1488, 0x148A, 0x148C, 0x148E, 0x1490, 0x1492, 0x1494, 0x1496, 0x1498, 0x149A, 0x149C, 0x149E, 0x14A0,
        0x14A2, 0x14A4, 0x14A6, 0x14A8, 0x14AA, 0x14AC, 0x14AE, 0x14B0, 0x14B2, 0x14B4, 0x14B6, 0x14B8, 0x14BA, 0x14BC, 0x14BE, 0x14C0,
        0x14C2, 0x14C4, 0x14C6, 0x14C8, 0x14CA, 0x14CC, 0x14CE, 0x14D0, 0x14D2, 0x14D4, 0x14D6, 0x14D8, 0x14DA, 0x14DC, 0x14DE, 0x14E0,
        0x14E2, 0x14E4, 0x14E6, 0x14E8, 0x14EA, 0x14EC, 0x14EE, 0x14F0, 0x14F2, 0x14F4, 0x14F6, 0x14F8, 0x14FA, 0x14FC, 0x14FE, 0x1500,
        0x1502, 0x1504, 0x1506, 0x1508, 0x150A, 0x150C, 0x150E, 0x1510, 0x1512, 0x1514, 0x1516, 0x1518, 0x151A, 0x151C, 0x151E, 0x1520,
        0x1522, 0x1524, 0x1526, 0x1528, 0x152A, 0x152C, 0x152E, 0x1530, 0x1532, 0x1534, 0x1536, 0x1538, 0x153A, 0x153C, 0x153E, 0x1540,
        0x1542, 0x1544, 0x1546, 0x1548, 0x154A, 0x154C, 0x154E, 0x1550, 0x1552, 0x1554, 0x1556, 0x1558, 0x155A, 0x155C, 0x155E, 0x1560,
        0x1562, 0x1564, 0x1566, 0x1568, 0x156A, 0x156C, 0x156E, 0x1570, 0x1572, 0x1574, 0x1576, 0x1578, 0x157A, 0x157C, 0x157E, 0x1580,
        0x1582, 0x1584, 0x1586, 0x1588, 0x158A, 0x158C, 0x158E, 0x1590, 0x1592, 0x1594, 0x1596, 0x1598, 0x159A, 0x159C, 0x159E, 0x15A0,
        0x15A2, 0x15A4, 0x15A6, 0x15A8, 0x15AA, 0x15AC, 0x15AE, 0x15B0, 0x15B2, 0x15B4, 0x15B6, 0x15B8, 0x15BA, 0x15BC, 0x15BE, 0x15C0,
        0x15C2, 0x15C4, 0x15C6, 0x15C8, 0x15CA, 0x15CC, 0x15CE, 0x15D0, 0x15D2, 0x15D4, 0x15D6, 0x15D8, 0x15DA, 0x15DC, 0x15DE, 0x15E0,
        0x15E2, 0x15E4, 0x15E6, 0x15E8, 0x15EA, 0x15EC, 0x15EE, 0x15F0, 0x15F2, 0x15F4, 0x15F6, 0x15F8, 0x15FA, 0x15FC, 0x15FE, 0x1600,
        0x1602, 0x1604, 0x1606, 0x1608, 0x160A, 0x160C, 0x160E, 0x1610, 0x1612, 0x1614, 0x1616, 0x1618, 0x161A, 0x161C, 0x161E, 0x1620,
        0x1622, 0x1624, 0x1626, 0x1628, 0x162A, 0x162C, 0x162E, 0x1630, 0x1632, 0x1634, 0x1636, 0x1638, 0x163A, 0x163C, 0x163E, 0x1640,
        0x1642, 0x1644, 0x1646, 0x1648, 0x164A, 0x164C, 0x164E, 0x1650, 0x1652, 0x1654, 0x1656, 0x1658, 0x165A, 0x165C, 0x165E, 0x1660,
        0x1662, 0x1664, 0x1666, 0x1668, 0x166A, 0x166C, 0x166E, 0x1670, 0x1672, 0x1674, 0x1676, 0x1678, 0x167A, 0x167C, 0x167E, 0x1680,
        0x1682, 0x1684, 0x1686, 0x1688, 0x168A, 0x168C, 0x168E, 0x1690, 0x1692, 0x1694, 0x1696, 0x1698, 0x169A, 0x169C, 0x169E, 0x16A0,
        0x16A2, 0x16A4, 0x16A6, 0x16A8, 0x16AA, 0x16AC, 0x16AE, 0x16B0, 0x16B2, 0x16B4, 0x16B6, 0x16B8, 0x16BA, 0x16BC, 0x16BE, 0x16C0,
        0x16C2, 0x16C4, 0x16C6, 0x16C8, 0x16CA, 0x16CC, 0x16CE, 0x16D0, 0x16D2, 0x16D4, 0x16D6, 0x16D8, 0x16DA, 0x16DC, 0x16DE, 0x16E0,
        0x16E2, 0x16E4, 0x16E6, 0x16E8, 0x16EA, 0x16EC,
    ];

    private static readonly int[] s_counts =
    [
        0x2, 0x2, 0x2, 0x2, 0x2, 0x2, 0x2, 0x2, 0x3, 0x2, 0x3, 0x2, 0x2, 0x2, 0x2, 0x2,
        0x2, 0x2, 0x3, 0x2, 0x2, 0x2, 0x2, 0x2, 0x2, 0x2, 0x2, 0x2, 0x2, 0x2, 0x2, 0x2,
        0x2, 0x2, 0x3, 0x2, 0x3, 0x2, 0x2, 0x2, 0x2, 0x2, 0x2, 0x2, 0x3, 0x2, 0x2, 0x2,
        0x2, 0x2, 0x2, 0x2, 0x3, 0x2, 0x2, 0x2, 0x2, 0x2, 0x3, 0x2, 0x2, 0x2, 0x2, 0x2,
        0x2, 0x2, 0x2, 0x2, 0x2, 0x2, 0x2, 0x2, 0x2, 0x2, 0x2, 0x2, 0x2, 0x2, 0x2, 0x2,
        0x2, 0x2, 0x2, 0x2, 0x2, 0x2, 0x2, 0x2, 0x2, 0x3, 0x2, 0x2, 0x2, 0x2, 0x2, 0x2,
        0x2, 0x2, 0x2, 0x2, 0x2, 0x2, 0x2, 0x2, 0x2, 0x2, 0x2, 0x2, 0x2, 0x2, 0x2, 0x2,
        0x2, 0x2, 0x2, 0x2, 0x2, 0x2, 0x2, 0x2, 0x2, 0x2, 0x2, 0x2, 0x2, 0x2, 0x2, 0x2,
        0x2, 0x2, 0x2, 0x2, 0x2, 0x2, 0x2, 0x2, 0x2, 0x2, 0x2, 0x2, 0x2, 0x2, 0x2, 0x2,
        0x2, 0x2, 0x2, 0x2, 0x2, 0x2, 0x2, 0x2, 0x2, 0x2, 0x2, 0x2, 0x2, 0x2, 0x2, 0x2,
        0x2, 0x2, 0x2, 0x2, 0x2, 0x2, 0x2, 0x2, 0x2, 0x2, 0x2, 0x2, 0x2, 0x2, 0x2, 0x2,
        0x2, 0x2, 0x2, 0x2, 0x2, 0x2, 0x2, 0x2, 0x2, 0x2, 0x2, 0x2, 0x2, 0x2, 0x2, 0x2,
        0x2, 0x2, 0x2, 0x2, 0x2, 0x2, 0x2, 0x2, 0x2, 0x2, 0x2, 0x2, 0x2, 0x2, 0x2, 0x2,
        0x2, 0x2, 0x2, 0x2, 0x2, 0x2, 0x2, 0x2, 0x2, 0x2, 0x2, 0x2, 0x2, 0x2, 0x2, 0x2,
        0x2, 0x2, 0x2, 0x2, 0x2, 0x2, 0x2, 0x2, 0x2, 0x2, 0x2, 0x2, 0x2, 0x2, 0x2, 0x2,
        0x3, 0x2, 0x2, 0x2, 0x2, 0x2, 0x2, 0x2, 0x2, 0x2, 0x2, 0x2, 0x2, 0x2, 0x2, 0x2,
        0x2, 0x2, 0x2, 0x2, 0x2, 0x2, 0x2, 0x2, 0x2, 0x2, 0x2, 0x2, 0x2, 0x2, 0x2, 0x2,
        0x2, 0x2, 0x2, 0x2, 0x2, 0x2, 0x2, 0x2, 0x2, 0x2, 0x2, 0x2, 0x2, 0x2, 0x2, 0x2,
        0x2, 0x2, 0x2, 0x2, 0x2, 0x2, 0x2, 0x2, 0x2, 0x2, 0x3, 0x3, 0x3, 0x3, 0x3, 0x3,
        0x3, 0x3, 0x3, 0x2, 0x2, 0x2, 0x2, 0x2, 0x2, 0x2, 0x2, 0x2, 0x2, 0x2, 0x2, 0x2,
        0x2, 0x2, 0x2, 0x2, 0x2, 0x2, 0x2, 0x2, 0x2, 0x2, 0x2, 0x2, 0x2, 0x2, 0x2, 0x2,
        0x2, 0x2, 0x2, 0x2, 0x2, 0x2, 0x3, 0x3, 0x3, 0x2, 0x2, 0x2, 0x2, 0x2, 0x2, 0x2,
        0x2, 0x2, 0x2, 0x2, 0x2, 0x2, 0x2, 0x2, 0x2, 0x2, 0x2, 0x2, 0x2, 0x2, 0x2, 0x2,
        0x2, 0x2, 0x2, 0x2, 0x2, 0x2, 0x2, 0x2, 0x2, 0x2, 0x2, 0x2, 0x2, 0x2, 0x2, 0x2,
        0x2, 0x2, 0x2, 0x2, 0x2, 0x2, 0x2, 0x2, 0x2, 0x2, 0x2, 0x2, 0x2, 0x2, 0x2, 0x2,
        0x2, 0x2, 0x2, 0x2, 0x2, 0x2, 0x2, 0x2, 0x2, 0x2, 0x2, 0x2, 0x2, 0x2, 0x2, 0x2,
        0x2, 0x2, 0x2, 0x2, 0x2, 0x2, 0x2, 0x2, 0x2, 0x2, 0x2, 0x2, 0x2, 0x2, 0x2, 0x2,
        0x2, 0x2, 0x2, 0x2, 0x2, 0x2, 0x2, 0x2, 0x2, 0x2, 0x2, 0x2, 0x2, 0x2, 0x2, 0x2,
        0x2, 0x2, 0x2, 0x2, 0x2, 0x2, 0x2, 0x2, 0x2, 0x2, 0x2, 0x2, 0x2, 0x2, 0x2, 0x2,
        0x2, 0x2, 0x2, 0x4, 0x2, 0x2, 0x2, 0x2, 0x2, 0x2, 0x2, 0x2, 0x2, 0x2, 0x2, 0x2,
        0x2, 0x2, 0x2, 0x2, 0x2, 0x2, 0x2, 0x3, 0x2, 0x2, 0x3, 0x2, 0x2, 0x4, 0x4, 0x3,
        0x2, 0x3, 0x2, 0x2, 0x2, 0x3, 0x3, 0x3, 0x2, 0x2, 0x3, 0x2, 0x2, 0x3, 0x2, 0x2,
        0x2, 0x2, 0x2, 0x2, 0x2, 0x2, 0x3, 0x2, 0x2, 0x3, 0x2, 0x2, 0x4, 0x4, 0x3, 0x2,
        0x3, 0x2, 0x2, 0x2, 0x3, 0x3, 0x3, 0x3, 0x2, 0x2, 0x3, 0x2, 0x2, 0x3, 0x2, 0x2,
        0x2, 0x2, 0x2, 0x2, 0x3, 0x4, 0x3, 0x3, 0x2, 0x2, 0x2, 0x2, 0x2, 0x2, 0x2, 0x2,
        0x2, 0x2, 0x2, 0x2, 0x2, 0x2, 0x2, 0x2, 0x2, 0x2, 0x2, 0x2, 0x2, 0x2, 0x2, 0x2,
        0x2, 0x3, 0x3, 0x2, 0x2, 0x4, 0x3, 0x2, 0x2, 0x2, 0x2, 0x2, 0x2, 0x2, 0x2, 0x2,
        0x2, 0x2, 0x2, 0x2, 0x2, 0x2, 0x2, 0x2, 0x2, 0x2, 0x2, 0x2, 0x2, 0x2, 0x2, 0x2,
        0x2, 0x3, 0x2, 0x3, 0x2, 0x2, 0x2, 0x2, 0x2, 0x2, 0x2, 0x2, 0x2, 0x3, 0x2, 0x2,
        0x3, 0x4, 0x2, 0x2, 0x2, 0x2, 0x2, 0x2, 0x2, 0x3, 0x2, 0x2, 0x2, 0x2, 0x2, 0x2,
        0x2, 0x3, 0x2, 0x3, 0x2, 0x2, 0x2, 0x2, 0x2, 0x2, 0x2, 0x2, 0x2, 0x3, 0x2, 0x2,
        0x3, 0x4, 0x2, 0x2, 0x2, 0x2, 0x2, 0x2, 0x2, 0x3, 0x2, 0x2, 0x2, 0x2, 0x2, 0x2,
        0x2, 0x2, 0x2, 0x2, 0x2, 0x2, 0x2, 0x2, 0x2, 0x2, 0x2, 0x2, 0x2, 0x2, 0x2, 0x2,
        0x2, 0x3, 0x3, 0x2, 0x2, 0x2, 0x2, 0x2, 0x2, 0x2, 0x2, 0x2, 0x2, 0x2, 0x2, 0x2,
        0x2, 0x2, 0x2, 0x2, 0x2, 0x2, 0x2, 0x2, 0x2, 0x2, 0x2, 0x2, 0x2, 0x2, 0x2, 0x2,
        0x2, 0x2, 0x2, 0x2, 0x2, 0x2, 0x2, 0x2, 0x2, 0x2, 0x2, 0x2, 0x2, 0x2, 0x2, 0x2,
        0x2, 0x2, 0x2, 0x2, 0x2, 0x2, 0x2, 0x2, 0x2, 0x2, 0x2, 0x2, 0x2, 0x2, 0x2, 0x2,
        0x2, 0x2, 0x2, 0x2, 0x2, 0x2, 0x2, 0x2, 0x2, 0x2, 0x2, 0x2, 0x2, 0x2, 0x2, 0x2,
        0x2, 0x2, 0x2, 0x2, 0x2, 0x2, 0x2, 0x2, 0x2, 0x2, 0x2, 0x2, 0x2, 0x2, 0x2, 0x2,
        0x2, 0x2, 0x2, 0x2, 0x2, 0x2, 0x2, 0x2, 0x2, 0x2, 0x2, 0x2, 0x2, 0x2, 0x2, 0x2,
        0x2, 0x2, 0x2, 0x2, 0x2, 0x2, 0x2, 0x2, 0x2, 0x2, 0x2, 0x2, 0x2, 0x2, 0x2, 0x2,
        0x2, 0x2, 0x2, 0x2, 0x2, 0x2, 0x2, 0x2, 0x2, 0x2, 0x2, 0x2, 0x2, 0x2, 0x2, 0x2,
        0x2, 0x2, 0x2, 0x2, 0x2, 0x2, 0x2, 0x2, 0x2, 0x2, 0x2, 0x2, 0x2, 0x2, 0x2, 0x2,
        0x2, 0x2, 0x2, 0x2, 0x2, 0x2, 0x2, 0x2, 0x2, 0x2, 0x2, 0x2, 0x2, 0x2, 0x2, 0x2,
        0x2, 0x2, 0x2, 0x2, 0x2, 0x2, 0x2, 0x2, 0x2, 0x2, 0x2, 0x2, 0x2, 0x2, 0x2, 0x2,
        0x2, 0x2, 0x2, 0x2, 0x2, 0x2, 0x2, 0x2, 0x2, 0x2, 0x2, 0x2, 0x2, 0x2, 0x2, 0x2,
        0x2, 0x2, 0x2, 0x2, 0x2, 0x2, 0x2, 0x2, 0x2, 0x2, 0x2, 0x2, 0x2, 0x2, 0x2, 0x2,
        0x2, 0x2, 0x2, 0x2, 0x2, 0x2, 0x2, 0x2, 0x2, 0x2, 0x2, 0x2, 0x2, 0x2, 0x2, 0x2,
        0x2, 0x2, 0x2, 0x2, 0x2, 0x2, 0x2, 0x2, 0x2, 0x2, 0x2, 0x2, 0x2, 0x2, 0x2, 0x2,
        0x2, 0x2, 0x2, 0x2, 0x2, 0x2, 0x2, 0x2, 0x2, 0x2, 0x2, 0x2, 0x2, 0x2, 0x2, 0x2,
        0x2, 0x2, 0x2, 0x2, 0x2, 0x2, 0x2, 0x2, 0x2, 0x2, 0x2, 0x2, 0x2, 0x2, 0x2, 0x2,
        0x2, 0x2, 0x2, 0x2, 0x2, 0x2, 0x2, 0x2, 0x2, 0x2, 0x2, 0x2, 0x2, 0x2, 0x2, 0x2,
        0x2, 0x2, 0x2, 0x2, 0x2, 0x2, 0x2, 0x2, 0x2, 0x2, 0x2, 0x2, 0x2, 0x2, 0x2, 0x2,
        0x2, 0x2, 0x2, 0x2, 0x2, 0x2, 0x2, 0x2, 0x2, 0x2, 0x2, 0x2, 0x2, 0x2, 0x2, 0x2,
        0x2, 0x2, 0x2, 0x2, 0x2, 0x2, 0x2, 0x2, 0x2, 0x2, 0x2, 0x2, 0x2, 0x2, 0x2, 0x2,
        0x2, 0x2, 0x2, 0x2, 0x2, 0x2, 0x2, 0x2, 0x2, 0x2, 0x2, 0x2, 0x2, 0x2, 0x2, 0x2,
        0x2, 0x2, 0x2, 0x2, 0x2, 0x2, 0x2, 0x2, 0x2, 0x2, 0x2, 0x2, 0x2, 0x2, 0x2, 0x2,
        0x2, 0x2, 0x2, 0x2, 0x2, 0x2, 0x2, 0x2, 0x2, 0x2, 0x2, 0x2, 0x2, 0x2, 0x2, 0x2,
        0x2, 0x2, 0x2, 0x2, 0x2, 0x2, 0x2, 0x2, 0x2, 0x2, 0x2, 0x2, 0x2, 0x2, 0x2, 0x2,
        0x2, 0x2, 0x2, 0x2, 0x2, 0x2, 0x2, 0x2, 0x2, 0x2, 0x2, 0x2, 0x2, 0x2, 0x2, 0x2,
        0x2, 0x2, 0x2, 0x2, 0x2, 0x2, 0x2, 0x2, 0x2, 0x2, 0x2, 0x2, 0x2, 0x2, 0x2, 0x2,
        0x2, 0x2, 0x2, 0x2, 0x2, 0x3, 0x3, 0x3, 0x3, 0x4, 0x4, 0x3, 0x3, 0x3, 0x2, 0x2,
        0x2, 0x2, 0x2, 0x2, 0x2, 0x2, 0x2, 0x2, 0x2, 0x2, 0x2, 0x2, 0x2, 0x2, 0x2, 0x2,
        0x2, 0x2, 0x2, 0x2, 0x2, 0x2, 0x2, 0x2, 0x2, 0x2, 0x2, 0x2, 0x2, 0x2, 0x2, 0x2,
        0x2, 0x2, 0x2, 0x2, 0x2, 0x2, 0x2, 0x2, 0x2, 0x2, 0x2, 0x2, 0x2, 0x2, 0x2, 0x2,
        0x2, 0x2, 0x2, 0x2, 0x2, 0x2, 0x2, 0x2, 0x2, 0x2, 0x2, 0x2, 0x2, 0x2, 0x2, 0x2,
        0x2, 0x2, 0x2, 0x2, 0x2, 0x2, 0x2, 0x2, 0x2, 0x2, 0x2, 0x2, 0x2, 0x2, 0x2, 0x2,
        0x2, 0x2, 0x2, 0x2, 0x2, 0x2, 0x2, 0x2, 0x2, 0x2, 0x2, 0x2, 0x2, 0x2, 0x2, 0x2,
        0x2, 0x2, 0x2, 0x2, 0x2, 0x2, 0x2, 0x2, 0x2, 0x2, 0x2, 0x2, 0x2, 0x2, 0x2, 0x2,
        0x2, 0x2, 0x2, 0x2, 0x2, 0x2, 0x2, 0x2, 0x2, 0x2, 0x2, 0x2, 0x2, 0x2, 0x2, 0x2,
        0x2, 0x2, 0x2, 0x2, 0x2, 0x2, 0x2, 0x2, 0x2, 0x2, 0x2, 0x2, 0x2, 0x2, 0x2, 0x3,
        0x3, 0x2, 0x2, 0x2, 0x2, 0x2, 0x2, 0x2, 0x2, 0x2, 0x2, 0x2, 0x2, 0x2, 0x2, 0x2,
        0x2, 0x2, 0x2, 0x2, 0x2, 0x2, 0x2, 0x2, 0x2, 0x2, 0x2, 0x2, 0x2, 0x2, 0x2, 0x2,
        0x2, 0x2, 0x2, 0x2, 0x2, 0x2, 0x2, 0x2, 0x2, 0x2, 0x2, 0x2, 0x2, 0x2, 0x2, 0x2,
        0x2, 0x2, 0x2, 0x2, 0x2, 0x3, 0x2, 0x2, 0x2, 0x2, 0x2, 0x2, 0x2, 0x2, 0x2, 0x2,
        0x2, 0x2, 0x2, 0x2, 0x2, 0x2, 0x2, 0x2, 0x2, 0x2, 0x2, 0x2, 0x2, 0x2, 0x2, 0x2,
        0x2, 0x2, 0x2, 0x2, 0x2, 0x2, 0x2, 0x2, 0x2, 0x2, 0x2, 0x2, 0x2, 0x2, 0x2, 0x2,
        0x2, 0x2, 0x2, 0x2, 0x2, 0x2, 0x2, 0x2, 0x2, 0x2, 0x2, 0x2, 0x2, 0x2, 0x2, 0x2,
        0x2, 0x2, 0x2, 0x2, 0x2, 0x2, 0x2, 0x2, 0x2, 0x2, 0x2, 0x2, 0x2, 0x2, 0x2, 0x2,
        0x2, 0x2, 0x2, 0x2, 0x2, 0x2, 0x2, 0x2, 0x2, 0x2, 0x2, 0x2, 0x2, 0x2, 0x2, 0x2,
        0x2, 0x2, 0x2, 0x2, 0x2, 0x2, 0x2, 0x2, 0x2, 0x2, 0x2, 0x2, 0x2, 0x2, 0x2, 0x2,
        0x2, 0x2, 0x2, 0x2, 0x2, 0x2, 0x2, 0x2, 0x2, 0x2, 0x2, 0x2, 0x2, 0x2, 0x2, 0x2,
        0x2, 0x2, 0x2, 0x2, 0x2, 0x2, 0x2, 0x2, 0x2, 0x2, 0x2, 0x2, 0x2, 0x2, 0x2, 0x2,
        0x2, 0x2, 0x2, 0x2, 0x2, 0x2, 0x2, 0x2, 0x2, 0x2, 0x2, 0x2, 0x2, 0x2, 0x2, 0x2,
        0x2, 0x2, 0x2, 0x2, 0x2, 0x2, 0x2, 0x2, 0x2, 0x2, 0x2, 0x2, 0x2, 0x2, 0x2, 0x2,
        0x2, 0x2, 0x2, 0x2, 0x2, 0x2, 0x2, 0x2, 0x2, 0x2, 0x2, 0x2, 0x2, 0x2, 0x2, 0x2,
        0x2, 0x2, 0x2, 0x2, 0x2, 0x2, 0x2, 0x2, 0x2, 0x2, 0x2, 0x2, 0x2, 0x2, 0x2, 0x2,
        0x2, 0x2, 0x2, 0x2, 0x2, 0x2, 0x2, 0x2, 0x2, 0x2, 0x2, 0x2, 0x2, 0x2, 0x2, 0x2,
        0x2, 0x2, 0x2, 0x2, 0x2, 0x2, 0x2, 0x2, 0x2, 0x2, 0x2, 0x2, 0x2, 0x2, 0x2, 0x2,
        0x2, 0x2, 0x2, 0x2, 0x2, 0x2, 0x2, 0x2, 0x2, 0x2, 0x2, 0x2, 0x2, 0x2, 0x2, 0x2,
        0x2, 0x2, 0x2, 0x2, 0x2, 0x2, 0x2, 0x2, 0x2, 0x2, 0x2, 0x2, 0x2, 0x4, 0x2, 0x2,
        0x2, 0x2, 0x2, 0x2, 0x2, 0x2, 0x2, 0x2, 0x2, 0x2, 0x2, 0x2, 0x2, 0x2, 0x2, 0x2,
        0x2, 0x2, 0x2, 0x2, 0x2, 0x2, 0x2, 0x2, 0x2, 0x2, 0x3, 0x3, 0x3, 0x2, 0x2, 0x2,
        0x2, 0x2, 0x2, 0x2, 0x2, 0x2, 0x2, 0x2, 0x2, 0x2, 0x2, 0x2, 0x2, 0x2, 0x2, 0x2,
        0x2, 0x2, 0x2, 0x2, 0x2, 0x2, 0x2, 0x2, 0x2, 0x2, 0x2, 0x2, 0x2, 0x2, 0x2, 0x2,
        0x2, 0x2, 0x2, 0x2, 0x2, 0x2, 0x2, 0x2, 0x2, 0x2, 0x2, 0x2, 0x2, 0x2, 0x2, 0x2,
        0x2, 0x2, 0x2, 0x2, 0x2, 0x2, 0x2, 0x2, 0x2, 0x2, 0x2, 0x2, 0x2, 0x2, 0x2, 0x2,
        0x2, 0x2, 0x2, 0x2, 0x2, 0x2, 0x2, 0x2, 0x2, 0x2, 0x2, 0x2, 0x2, 0x2, 0x2, 0x2,
        0x2, 0x2, 0x2, 0x2, 0x2, 0x2, 0x2, 0x2, 0x2, 0x2, 0x2, 0x2, 0x2, 0x2, 0x2, 0x2,
        0x2, 0x2, 0x2, 0x2, 0x2, 0x2, 0x2, 0x2, 0x2, 0x2, 0x2, 0x2, 0x2, 0x2, 0x2, 0x2,
        0x2, 0x2, 0x2, 0x2, 0x2, 0x2, 0x2, 0x2, 0x2, 0x2, 0x2, 0x2, 0x2, 0x2, 0x2, 0x2,
        0x2, 0x2, 0x2, 0x2, 0x2, 0x2, 0x2, 0x2, 0x2, 0x2, 0x2, 0x2, 0x2, 0x2, 0x2, 0x2,
        0x2, 0x2, 0x2, 0x2, 0x2, 0x2, 0x2, 0x2, 0x2, 0x2, 0x2, 0x2, 0x2, 0x2, 0x2, 0x2,
        0x2, 0x2, 0x2, 0x2, 0x2, 0x2, 0x2, 0x2, 0x2, 0x2, 0x2, 0x2, 0x2, 0x2, 0x2, 0x2,
        0x2, 0x2, 0x2, 0x2, 0x2, 0x2, 0x2, 0x2, 0x2, 0x2, 0x2, 0x2, 0x2, 0x2, 0x2, 0x2,
        0x2, 0x2, 0x2, 0x2, 0x2, 0x2, 0x2, 0x2, 0x2, 0x2, 0x2, 0x2, 0x2, 0x2, 0x2, 0x2,
        0x2, 0x2, 0x2, 0x2, 0x2, 0x2, 0x2, 0x2, 0x2, 0x2, 0x2, 0x2, 0x2, 0x2, 0x2, 0x2,
        0x2, 0x2, 0x2, 0x2, 0x2, 0x2, 0x2, 0x2, 0x2, 0x2, 0x2, 0x2, 0x2, 0x2, 0x2, 0x2,
        0x2, 0x2, 0x2, 0x2, 0x2, 0x2, 0x2, 0x2, 0x2, 0x2, 0x2, 0x2, 0x2, 0x2, 0x2, 0x2,
        0x2, 0x2, 0x2, 0x2, 0x2, 0x2, 0x2, 0x2, 0x2, 0x2, 0x2, 0x2, 0x2, 0x2, 0x2, 0x2,
        0x2, 0x2, 0x2, 0x2, 0x2, 0x2, 0x2, 0x2, 0x2, 0x2, 0x2, 0x2, 0x2, 0x2, 0x2, 0x2,
        0x2, 0x2, 0x2, 0x2, 0x2, 0x2, 0x2, 0x2, 0x2, 0x2, 0x2, 0x2, 0x2, 0x2, 0x2, 0x2,
        0x2, 0x2, 0x2, 0x2, 0x2, 0x2, 0x2, 0x2, 0x2, 0x2, 0x2, 0x2, 0x2, 0x2, 0x2, 0x2,
        0x2, 0x2, 0x2, 0x2, 0x2, 0x2, 0x2, 0x2, 0x2, 0x2, 0x2, 0x2, 0x2, 0x2, 0x2, 0x2,
        0x2, 0x2, 0x2, 0x2, 0x2, 0x2, 0x2, 0x2, 0x2, 0x2, 0x2, 0x2, 0x2, 0x2, 0x2, 0x2,
        0x2, 0x2, 0x2, 0x2, 0x2, 0x2, 0x2, 0x2, 0x3, 0x3, 0x2, 0x2, 0x2, 0x2, 0x2, 0x2,
        0x2, 0x2, 0x2, 0x2, 0x2, 0x2, 0x2, 0x2, 0x2, 0x2, 0x2, 0x2, 0x2, 0x2, 0x2, 0x2,
        0x2, 0x2, 0x2, 0x2, 0x2, 0x2, 0x2, 0x2, 0x2, 0x2, 0x2, 0x2, 0x2, 0x2, 0x2, 0x2,
        0x2, 0x2, 0x2, 0x2, 0x2, 0x2, 0x2, 0x2, 0x2, 0x2, 0x2, 0x2, 0x2, 0x2, 0x2, 0x2,
        0x2, 0x2, 0x2, 0x2, 0x2, 0x2, 0x2, 0x2, 0x2, 0x2, 0x2, 0x2, 0x2, 0x2, 0x2, 0x2,
        0x2, 0x2, 0x2, 0x2, 0x2, 0x2, 0x2, 0x2, 0x2, 0x2, 0x2, 0x2, 0x2, 0x2, 0x2, 0x2,
        0x2, 0x2, 0x2, 0x2, 0x2, 0x2, 0x2, 0x2, 0x2, 0x2, 0x2, 0x2, 0x2, 0x2, 0x2, 0x2,
        0x2, 0x2, 0x2, 0x2, 0x2, 0x2, 0x2, 0x2, 0x2, 0x2, 0x2, 0x2, 0x2, 0x2, 0x2, 0x2,
        0x2, 0x2, 0x2, 0x2, 0x2, 0x2, 0x2, 0x2, 0x2, 0x2, 0x2, 0x2, 0x2, 0x2, 0x2, 0x2,
        0x2, 0x2, 0x2, 0x2, 0x2, 0x2, 0x2, 0x2, 0x2, 0x2, 0x2, 0x2, 0x2, 0x2, 0x2, 0x2,
        0x2, 0x2, 0x2, 0x2, 0x2, 0x2, 0x2, 0x2, 0x2, 0x2, 0x2, 0x2, 0x2, 0x2, 0x2, 0x2,
        0x2, 0x2, 0x2, 0x2, 0x2, 0x2, 0x2, 0x2, 0x2, 0x2, 0x2, 0x2, 0x2, 0x2, 0x2, 0x2,
        0x2, 0x2, 0x2, 0x2, 0x2, 0x2, 0x2, 0x2, 0x2, 0x2, 0x2, 0x2, 0x2, 0x2, 0x2, 0x2,
        0x2, 0x2, 0x2, 0x2, 0x2, 0x2, 0x2, 0x2, 0x2, 0x2, 0x2, 0x2, 0x2, 0x2, 0x2, 0x2,
        0x2, 0x2, 0x2, 0x2, 0x2, 0x2, 0x2, 0x2, 0x2, 0x2, 0x2, 0x2, 0x2, 0x2, 0x2, 0x2,
        0x2, 0x2, 0x2, 0x2, 0x2, 0x2, 0x2, 0x2, 0x2, 0x2, 0x2, 0x2, 0x2, 0x2, 0x2, 0x2,
        0x2, 0x2, 0x2, 0x2, 0x2, 0x2, 0x2, 0x2, 0x2, 0x2, 0x2, 0x2, 0x2, 0x2, 0x2, 0x2,
        0x2, 0x2, 0x2, 0x2, 0x2, 0x2, 0x2, 0x2, 0x2, 0x2, 0x2, 0x2, 0x2, 0x2, 0x2, 0x2,
        0x2, 0x2, 0x2, 0x2, 0x2, 0x2, 0x2, 0x2, 0x2, 0x2, 0x2, 0x2, 0x2, 0x2, 0x2, 0x2,
        0x2, 0x2, 0x2, 0x2, 0x2, 0x2, 0x2, 0x2, 0x2, 0x2, 0x2, 0x2, 0x2, 0x2, 0x2, 0x2,
        0x2, 0x2, 0x2, 0x2, 0x2, 0x2, 0x2, 0x2, 0x2, 0x2, 0x2, 0x2, 0x2, 0x2, 0x2, 0x2,
        0x2, 0x2, 0x2, 0x2, 0x2, 0x2, 0x2, 0x2, 0x2, 0x2, 0x2, 0x2, 0x2, 0x2, 0x2, 0x2,
        0x2, 0x2, 0x2, 0x2, 0x2, 0x2, 0x2, 0x2, 0x2, 0x2, 0x2, 0x2, 0x2, 0x2, 0x2, 0x2,
        0x2, 0x2, 0x2, 0x2, 0x2, 0x2, 0x2, 0x2, 0x2, 0x2, 0x2, 0x2, 0x2, 0x2, 0x2, 0x2,
        0x2, 0x2, 0x2, 0x2, 0x2, 0x2, 0x2, 0x2, 0x2, 0x2, 0x2, 0x2, 0x2, 0x2, 0x2, 0x2,
        0x2, 0x2, 0x2, 0x2, 0x2, 0x2, 0x2, 0x2, 0x2, 0x2, 0x2, 0x2, 0x2, 0x2, 0x2, 0x2,
        0x2, 0x2, 0x2, 0x2, 0x2, 0x2, 0x2, 0x2, 0x2, 0x2, 0x2, 0x2, 0x2, 0x2, 0x2, 0x2,
        0x2, 0x2, 0x2, 0x2, 0x2, 0x2, 0x2, 0x2, 0x2, 0x2, 0x2, 0x2, 0x2, 0x2, 0x2, 0x2,
        0x2, 0x2, 0x2, 0x2, 0x2, 0x2, 0x2, 0x2, 0x2, 0x2, 0x2, 0x2, 0x2, 0x2, 0x2, 0x2,
        0x2, 0x2, 0x2, 0x2, 0x2, 0x2, 0x2, 0x2, 0x2, 0x2, 0x2, 0x2, 0x2, 0x2, 0x2, 0x2,
        0x2, 0x2, 0x2, 0x2, 0x2, 0x2, 0x2, 0x2, 0x2, 0x2, 0x2, 0x2, 0x2, 0x2, 0x2, 0x2,
        0x2, 0x2, 0x2, 0x2, 0x2, 0x2, 0x2, 0x2, 0x2, 0x2, 0x2, 0x2, 0x2, 0x2, 0x2, 0x2,
        0x2, 0x2, 0x2, 0x2, 0x2, 0x2, 0x2, 0x2, 0x2, 0x2, 0x2, 0x2, 0x2, 0x2, 0x2, 0x2,
        0x2, 0x2, 0x2, 0x2, 0x2, 0x2, 0x2, 0x2, 0x2, 0x2, 0x2, 0x2, 0x2, 0x2, 0x2, 0x2,
        0x2, 0x2, 0x2, 0x2, 0x2, 0x2, 0x2, 0x2, 0x2, 0x2, 0x2, 0x2, 0x2, 0x2, 0x2, 0x2,
        0x2, 0x2, 0x2, 0x2, 0x2, 0x2, 0x2, 0x2, 0x2, 0x2, 0x2, 0x2, 0x2, 0x2, 0x2, 0x2,
        0x2, 0x2, 0x2, 0x2, 0x2, 0x2, 0x2, 0x2, 0x2, 0x2, 0x2, 0x2, 0x2, 0x2, 0x2, 0x2,
        0x2, 0x2, 0x2, 0x2, 0x2, 0x2, 0x2, 0x2, 0x2, 0x2, 0x2, 0x2, 0x2, 0x2, 0x2, 0x2,
        0x2, 0x2, 0x2, 0x2, 0x2, 0x2, 0x2, 0x2, 0x2, 0x2, 0x2, 0x2, 0x2, 0x2, 0x2, 0x2,
        0x2, 0x2, 0x2, 0x2, 0x2, 0x2, 0x2, 0x2, 0x2, 0x2, 0x2, 0x2, 0x2, 0x2, 0x2, 0x2,
        0x2, 0x2, 0x2, 0x2, 0x2, 0x2, 0x2, 0x2, 0x2, 0x2, 0x2, 0x2, 0x2, 0x2, 0x2, 0x2,
        0x2, 0x2, 0x2, 0x2, 0x2, 0x2, 0x2, 0x2, 0x2, 0x2, 0x2, 0x2, 0x2, 0x2, 0x2, 0x2,
        0x2, 0x2, 0x2, 0x2, 0x2, 0x2, 0x2, 0x2, 0x2, 0x2, 0x2, 0x2, 0x2, 0x2, 0x2, 0x2,
        0x2, 0x2, 0x2, 0x2, 0x2, 0x2, 0x2, 0x2, 0x2, 0x2, 0x2, 0x2, 0x2, 0x2, 0x2, 0x2,
        0x2, 0x2, 0x2, 0x2, 0x2, 0x2, 0x2, 0x2, 0x2, 0x2, 0x2, 0x2, 0x2, 0x2, 0x2, 0x2,
        0x2, 0x2, 0x2, 0x2, 0x2, 0x2, 0x2, 0x2, 0x2, 0x2, 0x2, 0x2, 0x2, 0x2, 0x2, 0x2,
        0x2, 0x2, 0x2, 0x2, 0x2, 0x2, 0x2, 0x2, 0x2, 0x2, 0x2, 0x2, 0x2, 0x2, 0x2, 0x2,
        0x2, 0x2, 0x2, 0x2, 0x2, 0x2, 0x2, 0x2, 0x2, 0x2, 0x2, 0x2, 0x2, 0x2, 0x2, 0x2,
        0x2, 0x2, 0x2, 0x2, 0x2, 0x2, 0x2, 0x2, 0x2, 0x2, 0x2, 0x2, 0x2, 0x2, 0x2, 0x2,
        0x2, 0x2, 0x2, 0x2, 0x2, 0x2, 0x2, 0x2, 0x2, 0x2, 0x2, 0x2, 0x2, 0x2, 0x2, 0x2,
        0x2, 0x2, 0x2, 0x2, 0x2, 0x2, 0x2, 0x2, 0x2, 0x2, 0x2, 0x2, 0x2, 0x2, 0x2, 0x2,
        0x2, 0x2, 0x2, 0x2, 0x2, 0x2, 0x2, 0x2, 0x2, 0x2, 0x2, 0x2, 0x2, 0x2, 0x2, 0x2,
        0x2, 0x2, 0x2, 0x2, 0x2, 0x2, 0x2, 0x2, 0x2, 0x2, 0x2, 0x2, 0x2, 0x2, 0x2, 0x2,
        0x2, 0x2, 0x2, 0x2, 0x2, 0x2, 0x2, 0x2, 0x2, 0x2, 0x2, 0x2, 0x2, 0x2, 0x2, 0x2,
        0x2, 0x2, 0x2, 0x2, 0x2, 0x2, 0x2, 0x2, 0x2, 0x2, 0x2, 0x2, 0x2, 0x2, 0x2, 0x2,
        0x2, 0x2, 0x2, 0x2, 0x2, 0x2,
    ];

    private static readonly int[] s_values =
    [
        0x41, 0x61, 0x42, 0x62, 0x43, 0x63, 0x44, 0x64, 0x45, 0x65, 0x46, 0x66, 0x47, 0x67, 0x48, 0x68,
        0x49, 0x69, 0x131, 0x4A, 0x6A, 0x4B, 0x6B, 0x212A, 0x4C, 0x6C, 0x4D, 0x6D, 0x4E, 0x6E, 0x4F, 0x6F,
        0x50, 0x70, 0x51, 0x71, 0x52, 0x72, 0x53, 0x73, 0x17F, 0x54, 0x74, 0x55, 0x75, 0x56, 0x76, 0x57,
        0x77, 0x58, 0x78, 0x59, 0x79, 0x5A, 0x7A, 0x41, 0x61, 0x42, 0x62, 0x43, 0x63, 0x44, 0x64, 0x45,
        0x65, 0x46, 0x66, 0x47, 0x67, 0x48, 0x68, 0x49, 0x69, 0x130, 0x4A, 0x6A, 0x4B, 0x6B, 0x212A, 0x4C,
        0x6C, 0x4D, 0x6D, 0x4E, 0x6E, 0x4F, 0x6F, 0x50, 0x70, 0x51, 0x71, 0x52, 0x72, 0x53, 0x73, 0x17F,
        0x54, 0x74, 0x55, 0x75, 0x56, 0x76, 0x57, 0x77, 0x58, 0x78, 0x59, 0x79, 0x5A, 0x7A, 0xB5, 0x39C,
        0x3BC, 0xC0, 0xE0, 0xC1, 0xE1, 0xC2, 0xE2, 0xC3, 0xE3, 0xC4, 0xE4, 0xC5, 0xE5, 0x212B, 0xC6, 0xE6,
        0xC7, 0xE7, 0xC8, 0xE8, 0xC9, 0xE9, 0xCA, 0xEA, 0xCB, 0xEB, 0xCC, 0xEC, 0xCD, 0xED, 0xCE, 0xEE,
        0xCF, 0xEF, 0xD0, 0xF0, 0xD1, 0xF1, 0xD2, 0xF2, 0xD3, 0xF3, 0xD4, 0xF4, 0xD5, 0xF5, 0xD6, 0xF6,
        0xD8, 0xF8, 0xD9, 0xF9, 0xDA, 0xFA, 0xDB, 0xFB, 0xDC, 0xFC, 0xDD, 0xFD, 0xDE, 0xFE, 0xDF, 0x1E9E,
        0xC0, 0xE0, 0xC1, 0xE1, 0xC2, 0xE2, 0xC3, 0xE3, 0xC4, 0xE4, 0xC5, 0xE5, 0x212B, 0xC6, 0xE6, 0xC7,
        0xE7, 0xC8, 0xE8, 0xC9, 0xE9, 0xCA, 0xEA, 0xCB, 0xEB, 0xCC, 0xEC, 0xCD, 0xED, 0xCE, 0xEE, 0xCF,
        0xEF, 0xD0, 0xF0, 0xD1, 0xF1, 0xD2, 0xF2, 0xD3, 0xF3, 0xD4, 0xF4, 0xD5, 0xF5, 0xD6, 0xF6, 0xD8,
        0xF8, 0xD9, 0xF9, 0xDA, 0xFA, 0xDB, 0xFB, 0xDC, 0xFC, 0xDD, 0xFD, 0xDE, 0xFE, 0xFF, 0x178, 0x100,
        0x101, 0x100, 0x101, 0x102, 0x103, 0x102, 0x103, 0x104, 0x105, 0x104, 0x105, 0x106, 0x107, 0x106, 0x107, 0x108,
        0x109, 0x108, 0x109, 0x10A, 0x10B, 0x10A, 0x10B, 0x10C, 0x10D, 0x10C, 0x10D, 0x10E, 0x10F, 0x10E, 0x10F, 0x110,
        0x111, 0x110, 0x111, 0x112, 0x113, 0x112, 0x113, 0x114, 0x115, 0x114, 0x115, 0x116, 0x117, 0x116, 0x117, 0x118,
        0x119, 0x118, 0x119, 0x11A, 0x11B, 0x11A, 0x11B, 0x11C, 0x11D, 0x11C, 0x11D, 0x11E, 0x11F, 0x11E, 0x11F, 0x120,
        0x121, 0x120, 0x121, 0x122, 0x123, 0x122, 0x123, 0x124, 0x125, 0x124, 0x125, 0x126, 0x127, 0x126, 0x127, 0x128,
        0x129, 0x128, 0x129, 0x12A, 0x12B, 0x12A, 0x12B, 0x12C, 0x12D, 0x12C, 0x12D, 0x12E, 0x12F, 0x12E, 0x12F, 0x69,
        0x130, 0x49, 0x131, 0x132, 0x133, 0x132, 0x133, 0x134, 0x135, 0x134, 0x135, 0x136, 0x137, 0x136, 0x137, 0x139,
        0x13A, 0x139, 0x13A, 0x13B, 0x13C, 0x13B, 0x13C, 0x13D, 0x13E, 0x13D, 0x13E, 0x13F, 0x140, 0x13F, 0x140, 0x141,
        0x142, 0x141, 0x142, 0x143, 0x144, 0x143, 0x144, 0x145, 0x146, 0x145, 0x146, 0x147, 0x148, 0x147, 0x148, 0x14A,
        0x14B, 0x14A, 0x14B, 0x14C, 0x14D, 0x14C, 0x14D, 0x14E, 0x14F, 0x14E, 0x14F, 0x150, 0x151, 0x150, 0x151, 0x152,
        0x153, 0x152, 0x153, 0x154, 0x155, 0x154, 0x155, 0x156, 0x157, 0x156, 0x157, 0x158, 0x159, 0x158, 0x159, 0x15A,
        0x15B, 0x15A, 0x15B, 0x15C, 0x15D, 0x15C, 0x15D, 0x15E, 0x15F, 0x15E, 0x15F, 0x160, 0x161, 0x160, 0x161, 0x162,
        0x163, 0x162, 0x163, 0x164, 0x165, 0x164, 0x165, 0x166, 0x167, 0x166, 0x167, 0x168, 0x169, 0x168, 0x169, 0x16A,
        0x16B, 0x16A, 0x16B, 0x16C, 0x16D, 0x16C, 0x16D, 0x16E, 0x16F, 0x16E, 0x16F, 0x170, 0x171, 0x170, 0x171, 0x172,
        0x173, 0x172, 0x173, 0x174, 0x175, 0x174, 0x175, 0x176, 0x177, 0x176, 0x177, 0xFF, 0x178, 0x179, 0x17A, 0x179,
        0x17A, 0x17B, 0x17C, 0x17B, 0x17C, 0x17D, 0x17E, 0x17D, 0x17E, 0x53, 0x73, 0x17F, 0x180, 0x243, 0x181, 0x253,
        0x182, 0x183, 0x182, 0x183, 0x184, 0x185, 0x184, 0x185, 0x186, 0x254, 0x187, 0x188, 0x187, 0x188, 0x189, 0x256,
        0x18A, 0x257, 0x18B, 0x18C, 0x18B, 0x18C, 0x18E, 0x1DD, 0x18F, 0x259, 0x190, 0x25B, 0x191, 0x192, 0x191, 0x192,
        0x193, 0x260, 0x194, 0x263, 0x195, 0x1F6, 0x196, 0x269, 0x197, 0x268, 0x198, 0x199, 0x198, 0x199, 0x19A, 0x23D,
        0x19C, 0x26F, 0x19D, 0x272, 0x19E, 0x220, 0x19F, 0x275, 0x1A0, 0x1A1, 0x1A0, 0x1A1, 0x1A2, 0x1A3, 0x1A2, 0x1A3,
        0x1A4, 0x1A5, 0x1A4, 0x1A5, 0x1A6, 0x280, 0x1A7, 0x1A8, 0x1A7, 0x1A8, 0x1A9, 0x283, 0x1AC, 0x1AD, 0x1AC, 0x1AD,
        0x1AE, 0x288, 0x1AF, 0x1B0, 0x1AF, 0x1B0, 0x1B1, 0x28A, 0x1B2, 0x28B, 0x1B3, 0x1B4, 0x1B3, 0x1B4, 0x1B5, 0x1B6,
        0x1B5, 0x1B6, 0x1B7, 0x292, 0x1B8, 0x1B9, 0x1B8, 0x1B9, 0x1BC, 0x1BD, 0x1BC, 0x1BD, 0x1BF, 0x1F7, 0x1C4, 0x1C5,
        0x1C6, 0x1C4, 0x1C5, 0x1C6, 0x1C4, 0x1C5, 0x1C6, 0x1C7, 0x1C8, 0x1C9, 0x1C7, 0x1C8, 0x1C9, 0x1C7, 0x1C8, 0x1C9,
        0x1CA, 0x1CB, 0x1CC, 0x1CA, 0x1CB, 0x1CC, 0x1CA, 0x1CB, 0x1CC, 0x1CD, 0x1CE, 0x1CD, 0x1CE, 0x1CF, 0x1D0, 0x1CF,
        0x1D0, 0x1D1, 0x1D2, 0x1D1, 0x1D2, 0x1D3, 0x1D4, 0x1D3, 0x1D4, 0x1D5, 0x1D6, 0x1D5, 0x1D6, 0x1D7, 0x1D8, 0x1D7,
        0x1D8, 0x1D9, 0x1DA, 0x1D9, 0x1DA, 0x1DB, 0x1DC, 0x1DB, 0x1DC, 0x18E, 0x1DD, 0x1DE, 0x1DF, 0x1DE, 0x1DF, 0x1E0,
        0x1E1, 0x1E0, 0x1E1, 0x1E2, 0x1E3, 0x1E2, 0x1E3, 0x1E4, 0x1E5, 0x1E4, 0x1E5, 0x1E6, 0x1E7, 0x1E6, 0x1E7, 0x1E8,
        0x1E9, 0x1E8, 0x1E9, 0x1EA, 0x1EB, 0x1EA, 0x1EB, 0x1EC, 0x1ED, 0x1EC, 0x1ED, 0x1EE, 0x1EF, 0x1EE, 0x1EF, 0x1F1,
        0x1F2, 0x1F3, 0x1F1, 0x1F2, 0x1F3, 0x1F1, 0x1F2, 0x1F3, 0x1F4, 0x1F5, 0x1F4, 0x1F5, 0x195, 0x1F6, 0x1BF, 0x1F7,
        0x1F8, 0x1F9, 0x1F8, 0x1F9, 0x1FA, 0x1FB, 0x1FA, 0x1FB, 0x1FC, 0x1FD, 0x1FC, 0x1FD, 0x1FE, 0x1FF, 0x1FE, 0x1FF,
        0x200, 0x201, 0x200, 0x201, 0x202, 0x203, 0x202, 0x203, 0x204, 0x205, 0x204, 0x205, 0x206, 0x207, 0x206, 0x207,
        0x208, 0x209, 0x208, 0x209, 0x20A, 0x20B, 0x20A, 0x20B, 0x20C, 0x20D, 0x20C, 0x20D, 0x20E, 0x20F, 0x20E, 0x20F,
        0x210, 0x211, 0x210, 0x211, 0x212, 0x213, 0x212, 0x213, 0x214, 0x215, 0x214, 0x215, 0x216, 0x217, 0x216, 0x217,
        0x218, 0x219, 0x218, 0x219, 0x21A, 0x21B, 0x21A, 0x21B, 0x21C, 0x21D, 0x21C, 0x21D, 0x21E, 0x21F, 0x21E, 0x21F,
        0x19E, 0x220, 0x222, 0x223, 0x222, 0x223, 0x224, 0x225, 0x224, 0x225, 0x226, 0x227, 0x226, 0x227, 0x228, 0x229,
        0x228, 0x229, 0x22A, 0x22B, 0x22A, 0x22B, 0x22C, 0x22D, 0x22C, 0x22D, 0x22E, 0x22F, 0x22E, 0x22F, 0x230, 0x231,
        0x230, 0x231, 0x232, 0x233, 0x232, 0x233, 0x23A, 0x2C65, 0x23B, 0x23C, 0x23B, 0x23C, 0x19A, 0x23D, 0x23E, 0x2C66,
        0x23F, 0x2C7E, 0x240, 0x2C7F, 0x241, 0x242, 0x241, 0x242, 0x180, 0x243, 0x244, 0x289, 0x245, 0x28C, 0x246, 0x247,
        0x246, 0x247, 0x248, 0x249, 0x248, 0x249, 0x24A, 0x24B, 0x24A, 0x24B, 0x24C, 0x24D, 0x24C, 0x24D, 0x24E, 0x24F,
        0x24E, 0x24F, 0x250, 0x2C6F, 0x251, 0x2C6D, 0x252, 0x2C70, 0x181, 0x253, 0x186, 0x254, 0x189, 0x256, 0x18A, 0x257,
        0x18F, 0x259, 0x190, 0x25B, 0x25C, 0xA7AB, 0x193, 0x260, 0x261, 0xA7AC, 0x194, 0x263, 0x265, 0xA78D, 0x266, 0xA7AA,
        0x197, 0x268, 0x196, 0x269, 0x26A, 0xA7AE, 0x26B, 0x2C62, 0x26C, 0xA7AD, 0x19C, 0x26F, 0x271, 0x2C6E, 0x19D, 0x272,
        0x19F, 0x275, 0x27D, 0x2C64, 0x1A6, 0x280, 0x282, 0xA7C5, 0x1A9, 0x283, 0x287, 0xA7B1, 0x1AE, 0x288, 0x244, 0x289,
        0x1B1, 0x28A, 0x1B2, 0x28B, 0x245, 0x28C, 0x1B7, 0x292, 0x29D, 0xA7B2, 0x29E, 0xA7B0, 0x345, 0x399, 0x3B9, 0x1FBE,
        0x370, 0x371, 0x370, 0x371, 0x372, 0x373, 0x372, 0x373, 0x376, 0x377, 0x376, 0x377, 0x37B, 0x3FD, 0x37C, 0x3FE,
        0x37D, 0x3FF, 0x37F, 0x3F3, 0x386, 0x3AC, 0x388, 0x3AD, 0x389, 0x3AE, 0x38A, 0x3AF, 0x38C, 0x3CC, 0x38E, 0x3CD,
        0x38F, 0x3CE, 0x390, 0x1FD3, 0x391, 0x3B1, 0x392, 0x3B2, 0x3D0, 0x393, 0x3B3, 0x394, 0x3B4, 0x395, 0x3B5, 0x3F5,
        0x396, 0x3B6, 0x397, 0x3B7, 0x398, 0x3B8, 0x3D1, 0x3F4, 0x345, 0x399, 0x3B9, 0x1FBE, 0x39A, 0x3BA, 0x3F0, 0x39B,
        0x3BB, 0xB5, 0x39C, 0x3BC, 0x39D, 0x3BD, 0x39E, 0x3BE, 0x39F, 0x3BF, 0x3A0, 0x3C0, 0x3D6, 0x3A1, 0x3C1, 0x3F1,
        0x3A3, 0x3C2, 0x3C3, 0x3A4, 0x3C4, 0x3A5, 0x3C5, 0x3A6, 0x3C6, 0x3D5, 0x3A7, 0x3C7, 0x3A8, 0x3C8, 0x3A9, 0x3C9,
        0x2126, 0x3AA, 0x3CA, 0x3AB, 0x3CB, 0x386, 0x3AC, 0x388, 0x3AD, 0x389, 0x3AE, 0x38A, 0x3AF, 0x3B0, 0x1FE3, 0x391,
        0x3B1, 0x392, 0x3B2, 0x3D0, 0x393, 0x3B3, 0x394, 0x3B4, 0x395, 0x3B5, 0x3F5, 0x396, 0x3B6, 0x397, 0x3B7, 0x398,
        0x3B8, 0x3D1, 0x3F4, 0x345, 0x399, 0x3B9, 0x1FBE, 0x39A, 0x3BA, 0x3F0, 0x39B, 0x3BB, 0xB5, 0x39C, 0x3BC, 0x39D,
        0x3BD, 0x39E, 0x3BE, 0x39F, 0x3BF, 0x3A0, 0x3C0, 0x3D6, 0x3A1, 0x3C1, 0x3F1, 0x3A3, 0x3C2, 0x3C3, 0x3A3, 0x3C2,
        0x3C3, 0x3A4, 0x3C4, 0x3A5, 0x3C5, 0x3A6, 0x3C6, 0x3D5, 0x3A7, 0x3C7, 0x3A8, 0x3C8, 0x3A9, 0x3C9, 0x2126, 0x3AA,
        0x3CA, 0x3AB, 0x3CB, 0x38C, 0x3CC, 0x38E, 0x3CD, 0x38F, 0x3CE, 0x3CF, 0x3D7, 0x392, 0x3B2, 0x3D0, 0x398, 0x3B8,
        0x3D1, 0x3F4, 0x3A6, 0x3C6, 0x3D5, 0x3A0, 0x3C0, 0x3D6, 0x3CF, 0x3D7, 0x3D8, 0x3D9, 0x3D8, 0x3D9, 0x3DA, 0x3DB,
        0x3DA, 0x3DB, 0x3DC, 0x3DD, 0x3DC, 0x3DD, 0x3DE, 0x3DF, 0x3DE, 0x3DF, 0x3E0, 0x3E1, 0x3E0, 0x3E1, 0x3E2, 0x3E3,
        0x3E2, 0x3E3, 0x3E4, 0x3E5, 0x3E4, 0x3E5, 0x3E6, 0x3E7, 0x3E6, 0x3E7, 0x3E8, 0x3E9, 0x3E8, 0x3E9, 0x3EA, 0x3EB,
        0x3EA, 0x3EB, 0x3EC, 0x3ED, 0x3EC, 0x3ED, 0x3EE, 0x3EF, 0x3EE, 0x3EF, 0x39A, 0x3BA, 0x3F0, 0x3A1, 0x3C1, 0x3F1,
        0x3F2, 0x3F9, 0x37F, 0x3F3, 0x398, 0x3B8, 0x3D1, 0x3F4, 0x395, 0x3B5, 0x3F5, 0x3F7, 0x3F8, 0x3F7, 0x3F8, 0x3F2,
        0x3F9, 0x3FA, 0x3FB, 0x3FA, 0x3FB, 0x37B, 0x3FD, 0x37C, 0x3FE, 0x37D, 0x3FF, 0x400, 0x450, 0x401, 0x451, 0x402,
        0x452, 0x403, 0x453, 0x404, 0x454, 0x405, 0x455, 0x406, 0x456, 0x407, 0x457, 0x408, 0x458, 0x409, 0x459, 0x40A,
        0x45A, 0x40B, 0x45B, 0x40C, 0x45C, 0x40D, 0x45D, 0x40E, 0x45E, 0x40F, 0x45F, 0x410, 0x430, 0x411, 0x431, 0x412,
        0x432, 0x1C80, 0x413, 0x433, 0x414, 0x434, 0x1C81, 0x415, 0x435, 0x416, 0x436, 0x417, 0x437, 0x418, 0x438, 0x419,
        0x439, 0x41A, 0x43A, 0x41B, 0x43B, 0x41C, 0x43C, 0x41D, 0x43D, 0x41E, 0x43E, 0x1C82, 0x41F, 0x43F, 0x420, 0x440,
        0x421, 0x441, 0x1C83, 0x422, 0x442, 0x1C84, 0x1C85, 0x423, 0x443, 0x424, 0x444, 0x425, 0x445, 0x426, 0x446, 0x427,
        0x447, 0x428, 0x448, 0x429, 0x449, 0x42A, 0x44A, 0x1C86, 0x42B, 0x44B, 0x42C, 0x44C, 0x42D, 0x44D, 0x42E, 0x44E,
        0x42F, 0x44F, 0x410, 0x430, 0x411, 0x431, 0x412, 0x432, 0x1C80, 0x413, 0x433, 0x414, 0x434, 0x1C81, 0x415, 0x435,
        0x416, 0x436, 0x417, 0x437, 0x418, 0x438, 0x419, 0x439, 0x41A, 0x43A, 0x41B, 0x43B, 0x41C, 0x43C, 0x41D, 0x43D,
        0x41E, 0x43E, 0x1C82, 0x41F, 0x43F, 0x420, 0x440, 0x421, 0x441, 0x1C83, 0x422, 0x442, 0x1C84, 0x1C85, 0x423, 0x443,
        0x424, 0x444, 0x425, 0x445, 0x426, 0x446, 0x427, 0x447, 0x428, 0x448, 0x429, 0x449, 0x42A, 0x44A, 0x1C86, 0x42B,
        0x44B, 0x42C, 0x44C, 0x42D, 0x44D, 0x42E, 0x44E, 0x42F, 0x44F, 0x400, 0x450, 0x401, 0x451, 0x402, 0x452, 0x403,
        0x453, 0x404, 0x454, 0x405, 0x455, 0x406, 0x456, 0x407, 0x457, 0x408, 0x458, 0x409, 0x459, 0x40A, 0x45A, 0x40B,
        0x45B, 0x40C, 0x45C, 0x40D, 0x45D, 0x40E, 0x45E, 0x40F, 0x45F, 0x460, 0x461, 0x460, 0x461, 0x462, 0x463, 0x1C87,
        0x462, 0x463, 0x1C87, 0x464, 0x465, 0x464, 0x465, 0x466, 0x467, 0x466, 0x467, 0x468, 0x469, 0x468, 0x469, 0x46A,
        0x46B, 0x46A, 0x46B, 0x46C, 0x46D, 0x46C, 0x46D, 0x46E, 0x46F, 0x46E, 0x46F, 0x470, 0x471, 0x470, 0x471, 0x472,
        0x473, 0x472, 0x473, 0x474, 0x475, 0x474, 0x475, 0x476, 0x477, 0x476, 0x477, 0x478, 0x479, 0x478, 0x479, 0x47A,
        0x47B, 0x47A, 0x47B, 0x47C, 0x47D, 0x47C, 0x47D, 0x47E, 0x47F, 0x47E, 0x47F, 0x480, 0x481, 0x480, 0x481, 0x48A,
        0x48B, 0x48A, 0x48B, 0x48C, 0x48D, 0x48C, 0x48D, 0x48E, 0x48F, 0x48E, 0x48F, 0x490, 0x491, 0x490, 0x491, 0x492,
        0x493, 0x492, 0x493, 0x494, 0x495, 0x494, 0x495, 0x496, 0x497, 0x496, 0x497, 0x498, 0x499, 0x498, 0x499, 0x49A,
        0x49B, 0x49A, 0x49B, 0x49C, 0x49D, 0x49C, 0x49D, 0x49E, 0x49F, 0x49E, 0x49F, 0x4A0, 0x4A1, 0x4A0, 0x4A1, 0x4A2,
        0x4A3, 0x4A2, 0x4A3, 0x4A4, 0x4A5, 0x4A4, 0x4A5, 0x4A6, 0x4A7, 0x4A6, 0x4A7, 0x4A8, 0x4A9, 0x4A8, 0x4A9, 0x4AA,
        0x4AB, 0x4AA, 0x4AB, 0x4AC, 0x4AD, 0x4AC, 0x4AD, 0x4AE, 0x4AF, 0x4AE, 0x4AF, 0x4B0, 0x4B1, 0x4B0, 0x4B1, 0x4B2,
        0x4B3, 0x4B2, 0x4B3, 0x4B4, 0x4B5, 0x4B4, 0x4B5, 0x4B6, 0x4B7, 0x4B6, 0x4B7, 0x4B8, 0x4B9, 0x4B8, 0x4B9, 0x4BA,
        0x4BB, 0x4BA, 0x4BB, 0x4BC, 0x4BD, 0x4BC, 0x4BD, 0x4BE, 0x4BF, 0x4BE, 0x4BF, 0x4C0, 0x4CF, 0x4C1, 0x4C2, 0x4C1,
        0x4C2, 0x4C3, 0x4C4, 0x4C3, 0x4C4, 0x4C5, 0x4C6, 0x4C5, 0x4C6, 0x4C7, 0x4C8, 0x4C7, 0x4C8, 0x4C9, 0x4CA, 0x4C9,
        0x4CA, 0x4CB, 0x4CC, 0x4CB, 0x4CC, 0x4CD, 0x4CE, 0x4CD, 0x4CE, 0x4C0, 0x4CF, 0x4D0, 0x4D1, 0x4D0, 0x4D1, 0x4D2,
        0x4D3, 0x4D2, 0x4D3, 0x4D4, 0x4D5, 0x4D4, 0x4D5, 0x4D6, 0x4D7, 0x4D6, 0x4D7, 0x4D8, 0x4D9, 0x4D8, 0x4D9, 0x4DA,
        0x4DB, 0x4DA, 0x4DB, 0x4DC, 0x4DD, 0x4DC, 0x4DD, 0x4DE, 0x4DF, 0x4DE, 0x4DF, 0x4E0, 0x4E1, 0x4E0, 0x4E1, 0x4E2,
        0x4E3, 0x4E2, 0x4E3, 0x4E4, 0x4E5, 0x4E4, 0x4E5, 0x4E6, 0x4E7, 0x4E6, 0x4E7, 0x4E8, 0x4E9, 0x4E8, 0x4E9, 0x4EA,
        0x4EB, 0x4EA, 0x4EB, 0x4EC, 0x4ED, 0x4EC, 0x4ED, 0x4EE, 0x4EF, 0x4EE, 0x4EF, 0x4F0, 0x4F1, 0x4F0, 0x4F1, 0x4F2,
        0x4F3, 0x4F2, 0x4F3, 0x4F4, 0x4F5, 0x4F4, 0x4F5, 0x4F6, 0x4F7, 0x4F6, 0x4F7, 0x4F8, 0x4F9, 0x4F8, 0x4F9, 0x4FA,
        0x4FB, 0x4FA, 0x4FB, 0x4FC, 0x4FD, 0x4FC, 0x4FD, 0x4FE, 0x4FF, 0x4FE, 0x4FF, 0x500, 0x501, 0x500, 0x501, 0x502,
        0x503, 0x502, 0x503, 0x504, 0x505, 0x504, 0x505, 0x506, 0x507, 0x506, 0x507, 0x508, 0x509, 0x508, 0x509, 0x50A,
        0x50B, 0x50A, 0x50B, 0x50C, 0x50D, 0x50C, 0x50D, 0x50E, 0x50F, 0x50E, 0x50F, 0x510, 0x511, 0x510, 0x511, 0x512,
        0x513, 0x512, 0x513, 0x514, 0x515, 0x514, 0x515, 0x516, 0x517, 0x516, 0x517, 0x518, 0x519, 0x518, 0x519, 0x51A,
        0x51B, 0x51A, 0x51B, 0x51C, 0x51D, 0x51C, 0x51D, 0x51E, 0x51F, 0x51E, 0x51F, 0x520, 0x521, 0x520, 0x521, 0x522,
        0x523, 0x522, 0x523, 0x524, 0x525, 0x524, 0x525, 0x526, 0x527, 0x526, 0x527, 0x528, 0x529, 0x528, 0x529, 0x52A,
        0x52B, 0x52A, 0x52B, 0x52C, 0x52D, 0x52C, 0x52D, 0x52E, 0x52F, 0x52E, 0x52F, 0x531, 0x561, 0x532, 0x562, 0x533,
        0x563, 0x534, 0x564, 0x535, 0x565, 0x536, 0x566, 0x537, 0x567, 0x538, 0x568, 0x539, 0x569, 0x53A, 0x56A, 0x53B,
        0x56B, 0x53C, 0x56C, 0x53D, 0x56D, 0x53E, 0x56E, 0x53F, 0x56F, 0x540, 0x570, 0x541, 0x571, 0x542, 0x572, 0x543,
        0x573, 0x544, 0x574, 0x545, 0x575, 0x546, 0x576, 0x547, 0x577, 0x548, 0x578, 0x549, 0x579, 0x54A, 0x57A, 0x54B,
        0x57B, 0x54C, 0x57C, 0x54D, 0x57D, 0x54E, 0x57E, 0x54F, 0x57F, 0x550, 0x580, 0x551, 0x581, 0x552, 0x582, 0x553,
        0x583, 0x554, 0x584, 0x555, 0x585, 0x556, 0x586, 0x531, 0x561, 0x532, 0x562, 0x533, 0x563, 0x534, 0x564, 0x535,
        0x565, 0x536, 0x566, 0x537, 0x567, 0x538, 0x568, 0x539, 0x569, 0x53A, 0x56A, 0x53B, 0x56B, 0x53C, 0x56C, 0x53D,
        0x56D, 0x53E, 0x56E, 0x53F, 0x56F, 0x540, 0x570, 0x541, 0x571, 0x542, 0x572, 0x543, 0x573, 0x544, 0x574, 0x545,
        0x575, 0x546, 0x576, 0x547, 0x577, 0x548, 0x578, 0x549, 0x579, 0x54A, 0x57A, 0x54B, 0x57B, 0x54C, 0x57C, 0x54D,
        0x57D, 0x54E, 0x57E, 0x54F, 0x57F, 0x550, 0x580, 0x551, 0x581, 0x552, 0x582, 0x553, 0x583, 0x554, 0x584, 0x555,
        0x585, 0x556, 0x586, 0x10A0, 0x2D00, 0x10A1, 0x2D01, 0x10A2, 0x2D02, 0x10A3, 0x2D03, 0x10A4, 0x2D04, 0x10A5, 0x2D05, 0x10A6,
        0x2D06, 0x10A7, 0x2D07, 0x10A8, 0x2D08, 0x10A9, 0x2D09, 0x10AA, 0x2D0A, 0x10AB, 0x2D0B, 0x10AC, 0x2D0C, 0x10AD, 0x2D0D, 0x10AE,
        0x2D0E, 0x10AF, 0x2D0F, 0x10B0, 0x2D10, 0x10B1, 0x2D11, 0x10B2, 0x2D12, 0x10B3, 0x2D13, 0x10B4, 0x2D14, 0x10B5, 0x2D15, 0x10B6,
        0x2D16, 0x10B7, 0x2D17, 0x10B8, 0x2D18, 0x10B9, 0x2D19, 0x10BA, 0x2D1A, 0x10BB, 0x2D1B, 0x10BC, 0x2D1C, 0x10BD, 0x2D1D, 0x10BE,
        0x2D1E, 0x10BF, 0x2D1F, 0x10C0, 0x2D20, 0x10C1, 0x2D21, 0x10C2, 0x2D22, 0x10C3, 0x2D23, 0x10C4, 0x2D24, 0x10C5, 0x2D25, 0x10C7,
        0x2D27, 0x10CD, 0x2D2D, 0x10D0, 0x1C90, 0x10D1, 0x1C91, 0x10D2, 0x1C92, 0x10D3, 0x1C93, 0x10D4, 0x1C94, 0x10D5, 0x1C95, 0x10D6,
        0x1C96, 0x10D7, 0x1C97, 0x10D8, 0x1C98, 0x10D9, 0x1C99, 0x10DA, 0x1C9A, 0x10DB, 0x1C9B, 0x10DC, 0x1C9C, 0x10DD, 0x1C9D, 0x10DE,
        0x1C9E, 0x10DF, 0x1C9F, 0x10E0, 0x1CA0, 0x10E1, 0x1CA1, 0x10E2, 0x1CA2, 0x10E3, 0x1CA3, 0x10E4, 0x1CA4, 0x10E5, 0x1CA5, 0x10E6,
        0x1CA6, 0x10E7, 0x1CA7, 0x10E8, 0x1CA8, 0x10E9, 0x1CA9, 0x10EA, 0x1CAA, 0x10EB, 0x1CAB, 0x10EC, 0x1CAC, 0x10ED, 0x1CAD, 0x10EE,
        0x1CAE, 0x10EF, 0x1CAF, 0x10F0, 0x1CB0, 0x10F1, 0x1CB1, 0x10F2, 0x1CB2, 0x10F3, 0x1CB3, 0x10F4, 0x1CB4, 0x10F5, 0x1CB5, 0x10F6,
        0x1CB6, 0x10F7, 0x1CB7, 0x10F8, 0x1CB8, 0x10F9, 0x1CB9, 0x10FA, 0x1CBA, 0x10FD, 0x1CBD, 0x10FE, 0x1CBE, 0x10FF, 0x1CBF, 0x13A0,
        0xAB70, 0x13A1, 0xAB71, 0x13A2, 0xAB72, 0x13A3, 0xAB73, 0x13A4, 0xAB74, 0x13A5, 0xAB75, 0x13A6, 0xAB76, 0x13A7, 0xAB77, 0x13A8,
        0xAB78, 0x13A9, 0xAB79, 0x13AA, 0xAB7A, 0x13AB, 0xAB7B, 0x13AC, 0xAB7C, 0x13AD, 0xAB7D, 0x13AE, 0xAB7E, 0x13AF, 0xAB7F, 0x13B0,
        0xAB80, 0x13B1, 0xAB81, 0x13B2, 0xAB82, 0x13B3, 0xAB83, 0x13B4, 0xAB84, 0x13B5, 0xAB85, 0x13B6, 0xAB86, 0x13B7, 0xAB87, 0x13B8,
        0xAB88, 0x13B9, 0xAB89, 0x13BA, 0xAB8A, 0x13BB, 0xAB8B, 0x13BC, 0xAB8C, 0x13BD, 0xAB8D, 0x13BE, 0xAB8E, 0x13BF, 0xAB8F, 0x13C0,
        0xAB90, 0x13C1, 0xAB91, 0x13C2, 0xAB92, 0x13C3, 0xAB93, 0x13C4, 0xAB94, 0x13C5, 0xAB95, 0x13C6, 0xAB96, 0x13C7, 0xAB97, 0x13C8,
        0xAB98, 0x13C9, 0xAB99, 0x13CA, 0xAB9A, 0x13CB, 0xAB9B, 0x13CC, 0xAB9C, 0x13CD, 0xAB9D, 0x13CE, 0xAB9E, 0x13CF, 0xAB9F, 0x13D0,
        0xABA0, 0x13D1, 0xABA1, 0x13D2, 0xABA2, 0x13D3, 0xABA3, 0x13D4, 0xABA4, 0x13D5, 0xABA5, 0x13D6, 0xABA6, 0x13D7, 0xABA7, 0x13D8,
        0xABA8, 0x13D9, 0xABA9, 0x13DA, 0xABAA, 0x13DB, 0xABAB, 0x13DC, 0xABAC, 0x13DD, 0xABAD, 0x13DE, 0xABAE, 0x13DF, 0xABAF, 0x13E0,
        0xABB0, 0x13E1, 0xABB1, 0x13E2, 0xABB2, 0x13E3, 0xABB3, 0x13E4, 0xABB4, 0x13E5, 0xABB5, 0x13E6, 0xABB6, 0x13E7, 0xABB7, 0x13E8,
        0xABB8, 0x13E9, 0xABB9, 0x13EA, 0xABBA, 0x13EB, 0xABBB, 0x13EC, 0xABBC, 0x13ED, 0xABBD, 0x13EE, 0xABBE, 0x13EF, 0xABBF, 0x13F0,
        0x13F8, 0x13F1, 0x13F9, 0x13F2, 0x13FA, 0x13F3, 0x13FB, 0x13F4, 0x13FC, 0x13F5, 0x13FD, 0x13F0, 0x13F8, 0x13F1, 0x13F9, 0x13F2,
        0x13FA, 0x13F3, 0x13FB, 0x13F4, 0x13FC, 0x13F5, 0x13FD, 0x412, 0x432, 0x1C80, 0x414, 0x434, 0x1C81, 0x41E, 0x43E, 0x1C82,
        0x421, 0x441, 0x1C83, 0x422, 0x442, 0x1C84, 0x1C85, 0x422, 0x442, 0x1C84, 0x1C85, 0x42A, 0x44A, 0x1C86, 0x462, 0x463,
        0x1C87, 0x1C88, 0xA64A, 0xA64B, 0x10D0, 0x1C90, 0x10D1, 0x1C91, 0x10D2, 0x1C92, 0x10D3, 0x1C93, 0x10D4, 0x1C94, 0x10D5, 0x1C95,
        0x10D6, 0x1C96, 0x10D7, 0x1C97, 0x10D8, 0x1C98, 0x10D9, 0x1C99, 0x10DA, 0x1C9A, 0x10DB, 0x1C9B, 0x10DC, 0x1C9C, 0x10DD, 0x1C9D,
        0x10DE, 0x1C9E, 0x10DF, 0x1C9F, 0x10E0, 0x1CA0, 0x10E1, 0x1CA1, 0x10E2, 0x1CA2, 0x10E3, 0x1CA3, 0x10E4, 0x1CA4, 0x10E5, 0x1CA5,
        0x10E6, 0x1CA6, 0x10E7, 0x1CA7, 0x10E8, 0x1CA8, 0x10E9, 0x1CA9, 0x10EA, 0x1CAA, 0x10EB, 0x1CAB, 0x10EC, 0x1CAC, 0x10ED, 0x1CAD,
        0x10EE, 0x1CAE, 0x10EF, 0x1CAF, 0x10F0, 0x1CB0, 0x10F1, 0x1CB1, 0x10F2, 0x1CB2, 0x10F3, 0x1CB3, 0x10F4, 0x1CB4, 0x10F5, 0x1CB5,
        0x10F6, 0x1CB6, 0x10F7, 0x1CB7, 0x10F8, 0x1CB8, 0x10F9, 0x1CB9, 0x10FA, 0x1CBA, 0x10FD, 0x1CBD, 0x10FE, 0x1CBE, 0x10FF, 0x1CBF,
        0x1D79, 0xA77D, 0x1D7D, 0x2C63, 0x1D8E, 0xA7C6, 0x1E00, 0x1E01, 0x1E00, 0x1E01, 0x1E02, 0x1E03, 0x1E02, 0x1E03, 0x1E04, 0x1E05,
        0x1E04, 0x1E05, 0x1E06, 0x1E07, 0x1E06, 0x1E07, 0x1E08, 0x1E09, 0x1E08, 0x1E09, 0x1E0A, 0x1E0B, 0x1E0A, 0x1E0B, 0x1E0C, 0x1E0D,
        0x1E0C, 0x1E0D, 0x1E0E, 0x1E0F, 0x1E0E, 0x1E0F, 0x1E10, 0x1E11, 0x1E10, 0x1E11, 0x1E12, 0x1E13, 0x1E12, 0x1E13, 0x1E14, 0x1E15,
        0x1E14, 0x1E15, 0x1E16, 0x1E17, 0x1E16, 0x1E17, 0x1E18, 0x1E19, 0x1E18, 0x1E19, 0x1E1A, 0x1E1B, 0x1E1A, 0x1E1B, 0x1E1C, 0x1E1D,
        0x1E1C, 0x1E1D, 0x1E1E, 0x1E1F, 0x1E1E, 0x1E1F, 0x1E20, 0x1E21, 0x1E20, 0x1E21, 0x1E22, 0x1E23, 0x1E22, 0x1E23, 0x1E24, 0x1E25,
        0x1E24, 0x1E25, 0x1E26, 0x1E27, 0x1E26, 0x1E27, 0x1E28, 0x1E29, 0x1E28, 0x1E29, 0x1E2A, 0x1E2B, 0x1E2A, 0x1E2B, 0x1E2C, 0x1E2D,
        0x1E2C, 0x1E2D, 0x1E2E, 0x1E2F, 0x1E2E, 0x1E2F, 0x1E30, 0x1E31, 0x1E30, 0x1E31, 0x1E32, 0x1E33, 0x1E32, 0x1E33, 0x1E34, 0x1E35,
        0x1E34, 0x1E35, 0x1E36, 0x1E37, 0x1E36, 0x1E37, 0x1E38, 0x1E39, 0x1E38, 0x1E39, 0x1E3A, 0x1E3B, 0x1E3A, 0x1E3B, 0x1E3C, 0x1E3D,
        0x1E3C, 0x1E3D, 0x1E3E, 0x1E3F, 0x1E3E, 0x1E3F, 0x1E40, 0x1E41, 0x1E40, 0x1E41, 0x1E42, 0x1E43, 0x1E42, 0x1E43, 0x1E44, 0x1E45,
        0x1E44, 0x1E45, 0x1E46, 0x1E47, 0x1E46, 0x1E47, 0x1E48, 0x1E49, 0x1E48, 0x1E49, 0x1E4A, 0x1E4B, 0x1E4A, 0x1E4B, 0x1E4C, 0x1E4D,
        0x1E4C, 0x1E4D, 0x1E4E, 0x1E4F, 0x1E4E, 0x1E4F, 0x1E50, 0x1E51, 0x1E50, 0x1E51, 0x1E52, 0x1E53, 0x1E52, 0x1E53, 0x1E54, 0x1E55,
        0x1E54, 0x1E55, 0x1E56, 0x1E57, 0x1E56, 0x1E57, 0x1E58, 0x1E59, 0x1E58, 0x1E59, 0x1E5A, 0x1E5B, 0x1E5A, 0x1E5B, 0x1E5C, 0x1E5D,
        0x1E5C, 0x1E5D, 0x1E5E, 0x1E5F, 0x1E5E, 0x1E5F, 0x1E60, 0x1E61, 0x1E9B, 0x1E60, 0x1E61, 0x1E9B, 0x1E62, 0x1E63, 0x1E62, 0x1E63,
        0x1E64, 0x1E65, 0x1E64, 0x1E65, 0x1E66, 0x1E67, 0x1E66, 0x1E67, 0x1E68, 0x1E69, 0x1E68, 0x1E69, 0x1E6A, 0x1E6B, 0x1E6A, 0x1E6B,
        0x1E6C, 0x1E6D, 0x1E6C, 0x1E6D, 0x1E6E, 0x1E6F, 0x1E6E, 0x1E6F, 0x1E70, 0x1E71, 0x1E70, 0x1E71, 0x1E72, 0x1E73, 0x1E72, 0x1E73,
        0x1E74, 0x1E75, 0x1E74, 0x1E75, 0x1E76, 0x1E77, 0x1E76, 0x1E77, 0x1E78, 0x1E79, 0x1E78, 0x1E79, 0x1E7A, 0x1E7B, 0x1E7A, 0x1E7B,
        0x1E7C, 0x1E7D, 0x1E7C, 0x1E7D, 0x1E7E, 0x1E7F, 0x1E7E, 0x1E7F, 0x1E80, 0x1E81, 0x1E80, 0x1E81, 0x1E82, 0x1E83, 0x1E82, 0x1E83,
        0x1E84, 0x1E85, 0x1E84, 0x1E85, 0x1E86, 0x1E87, 0x1E86, 0x1E87, 0x1E88, 0x1E89, 0x1E88, 0x1E89, 0x1E8A, 0x1E8B, 0x1E8A, 0x1E8B,
        0x1E8C, 0x1E8D, 0x1E8C, 0x1E8D, 0x1E8E, 0x1E8F, 0x1E8E, 0x1E8F, 0x1E90, 0x1E91, 0x1E90, 0x1E91, 0x1E92, 0x1E93, 0x1E92, 0x1E93,
        0x1E94, 0x1E95, 0x1E94, 0x1E95, 0x1E60, 0x1E61, 0x1E9B, 0xDF, 0x1E9E, 0x1EA0, 0x1EA1, 0x1EA0, 0x1EA1, 0x1EA2, 0x1EA3, 0x1EA2,
        0x1EA3, 0x1EA4, 0x1EA5, 0x1EA4, 0x1EA5, 0x1EA6, 0x1EA7, 0x1EA6, 0x1EA7, 0x1EA8, 0x1EA9, 0x1EA8, 0x1EA9, 0x1EAA, 0x1EAB, 0x1EAA,
        0x1EAB, 0x1EAC, 0x1EAD, 0x1EAC, 0x1EAD, 0x1EAE, 0x1EAF, 0x1EAE, 0x1EAF, 0x1EB0, 0x1EB1, 0x1EB0, 0x1EB1, 0x1EB2, 0x1EB3, 0x1EB2,
        0x1EB3, 0x1EB4, 0x1EB5, 0x1EB4, 0x1EB5, 0x1EB6, 0x1EB7, 0x1EB6, 0x1EB7, 0x1EB8, 0x1EB9, 0x1EB8, 0x1EB9, 0x1EBA, 0x1EBB, 0x1EBA,
        0x1EBB, 0x1EBC, 0x1EBD, 0x1EBC, 0x1EBD, 0x1EBE, 0x1EBF, 0x1EBE, 0x1EBF, 0x1EC0, 0x1EC1, 0x1EC0, 0x1EC1, 0x1EC2, 0x1EC3, 0x1EC2,
        0x1EC3, 0x1EC4, 0x1EC5, 0x1EC4, 0x1EC5, 0x1EC6, 0x1EC7, 0x1EC6, 0x1EC7, 0x1EC8, 0x1EC9, 0x1EC8, 0x1EC9, 0x1ECA, 0x1ECB, 0x1ECA,
        0x1ECB, 0x1ECC, 0x1ECD, 0x1ECC, 0x1ECD, 0x1ECE, 0x1ECF, 0x1ECE, 0x1ECF, 0x1ED0, 0x1ED1, 0x1ED0, 0x1ED1, 0x1ED2, 0x1ED3, 0x1ED2,
        0x1ED3, 0x1ED4, 0x1ED5, 0x1ED4, 0x1ED5, 0x1ED6, 0x1ED7, 0x1ED6, 0x1ED7, 0x1ED8, 0x1ED9, 0x1ED8, 0x1ED9, 0x1EDA, 0x1EDB, 0x1EDA,
        0x1EDB, 0x1EDC, 0x1EDD, 0x1EDC, 0x1EDD, 0x1EDE, 0x1EDF, 0x1EDE, 0x1EDF, 0x1EE0, 0x1EE1, 0x1EE0, 0x1EE1, 0x1EE2, 0x1EE3, 0x1EE2,
        0x1EE3, 0x1EE4, 0x1EE5, 0x1EE4, 0x1EE5, 0x1EE6, 0x1EE7, 0x1EE6, 0x1EE7, 0x1EE8, 0x1EE9, 0x1EE8, 0x1EE9, 0x1EEA, 0x1EEB, 0x1EEA,
        0x1EEB, 0x1EEC, 0x1EED, 0x1EEC, 0x1EED, 0x1EEE, 0x1EEF, 0x1EEE, 0x1EEF, 0x1EF0, 0x1EF1, 0x1EF0, 0x1EF1, 0x1EF2, 0x1EF3, 0x1EF2,
        0x1EF3, 0x1EF4, 0x1EF5, 0x1EF4, 0x1EF5, 0x1EF6, 0x1EF7, 0x1EF6, 0x1EF7, 0x1EF8, 0x1EF9, 0x1EF8, 0x1EF9, 0x1EFA, 0x1EFB, 0x1EFA,
        0x1EFB, 0x1EFC, 0x1EFD, 0x1EFC, 0x1EFD, 0x1EFE, 0x1EFF, 0x1EFE, 0x1EFF, 0x1F00, 0x1F08, 0x1F01, 0x1F09, 0x1F02, 0x1F0A, 0x1F03,
        0x1F0B, 0x1F04, 0x1F0C, 0x1F05, 0x1F0D, 0x1F06, 0x1F0E, 0x1F07, 0x1F0F, 0x1F00, 0x1F08, 0x1F01, 0x1F09, 0x1F02, 0x1F0A, 0x1F03,
        0x1F0B, 0x1F04, 0x1F0C, 0x1F05, 0x1F0D, 0x1F06, 0x1F0E, 0x1F07, 0x1F0F, 0x1F10, 0x1F18, 0x1F11, 0x1F19, 0x1F12, 0x1F1A, 0x1F13,
        0x1F1B, 0x1F14, 0x1F1C, 0x1F15, 0x1F1D, 0x1F10, 0x1F18, 0x1F11, 0x1F19, 0x1F12, 0x1F1A, 0x1F13, 0x1F1B, 0x1F14, 0x1F1C, 0x1F15,
        0x1F1D, 0x1F20, 0x1F28, 0x1F21, 0x1F29, 0x1F22, 0x1F2A, 0x1F23, 0x1F2B, 0x1F24, 0x1F2C, 0x1F25, 0x1F2D, 0x1F26, 0x1F2E, 0x1F27,
        0x1F2F, 0x1F20, 0x1F28, 0x1F21, 0x1F29, 0x1F22, 0x1F2A, 0x1F23, 0x1F2B, 0x1F24, 0x1F2C, 0x1F25, 0x1F2D, 0x1F26, 0x1F2E, 0x1F27,
        0x1F2F, 0x1F30, 0x1F38, 0x1F31, 0x1F39, 0x1F32, 0x1F3A, 0x1F33, 0x1F3B, 0x1F34, 0x1F3C, 0x1F35, 0x1F3D, 0x1F36, 0x1F3E, 0x1F37,
        0x1F3F, 0x1F30, 0x1F38, 0x1F31, 0x1F39, 0x1F32, 0x1F3A, 0x1F33, 0x1F3B, 0x1F34, 0x1F3C, 0x1F35, 0x1F3D, 0x1F36, 0x1F3E, 0x1F37,
        0x1F3F, 0x1F40, 0x1F48, 0x1F41, 0x1F49, 0x1F42, 0x1F4A, 0x1F43, 0x1F4B, 0x1F44, 0x1F4C, 0x1F45, 0x1F4D, 0x1F40, 0x1F48, 0x1F41,
        0x1F49, 0x1F42, 0x1F4A, 0x1F43, 0x1F4B, 0x1F44, 0x1F4C, 0x1F45, 0x1F4D, 0x1F51, 0x1F59, 0x1F53, 0x1F5B, 0x1F55, 0x1F5D, 0x1F57,
        0x1F5F, 0x1F51, 0x1F59, 0x1F53, 0x1F5B, 0x1F55, 0x1F5D, 0x1F57, 0x1F5F, 0x1F60, 0x1F68, 0x1F61, 0x1F69, 0x1F62, 0x1F6A, 0x1F63,
        0x1F6B, 0x1F64, 0x1F6C, 0x1F65, 0x1F6D, 0x1F66, 0x1F6E, 0x1F67, 0x1F6F, 0x1F60, 0x1F68, 0x1F61, 0x1F69, 0x1F62, 0x1F6A, 0x1F63,
        0x1F6B, 0x1F64, 0x1F6C, 0x1F65, 0x1F6D, 0x1F66, 0x1F6E, 0x1F67, 0x1F6F, 0x1F70, 0x1FBA, 0x1F71, 0x1FBB, 0x1F72, 0x1FC8, 0x1F73,
        0x1FC9, 0x1F74, 0x1FCA, 0x1F75, 0x1FCB, 0x1F76, 0x1FDA, 0x1F77, 0x1FDB, 0x1F78, 0x1FF8, 0x1F79, 0x1FF9, 0x1F7A, 0x1FEA, 0x1F7B,
        0x1FEB, 0x1F7C, 0x1FFA, 0x1F7D, 0x1FFB, 0x1F80, 0x1F88, 0x1F81, 0x1F89, 0x1F82, 0x1F8A, 0x1F83, 0x1F8B, 0x1F84, 0x1F8C, 0x1F85,
        0x1F8D, 0x1F86, 0x1F8E, 0x1F87, 0x1F8F, 0x1F80, 0x1F88, 0x1F81, 0x1F89, 0x1F82, 0x1F8A, 0x1F83, 0x1F8B, 0x1F84, 0x1F8C, 0x1F85,
        0x1F8D, 0x1F86, 0x1F8E, 0x1F87, 0x1F8F, 0x1F90, 0x1F98, 0x1F91, 0x1F99, 0x1F92, 0x1F9A, 0x1F93, 0x1F9B, 0x1F94, 0x1F9C, 0x1F95,
        0x1F9D, 0x1F96, 0x1F9E, 0x1F97, 0x1F9F, 0x1F90, 0x1F98, 0x1F91, 0x1F99, 0x1F92, 0x1F9A, 0x1F93, 0x1F9B, 0x1F94, 0x1F9C, 0x1F95,
        0x1F9D, 0x1F96, 0x1F9E, 0x1F97, 0x1F9F, 0x1FA0, 0x1FA8, 0x1FA1, 0x1FA9, 0x1FA2, 0x1FAA, 0x1FA3, 0x1FAB, 0x1FA4, 0x1FAC, 0x1FA5,
        0x1FAD, 0x1FA6, 0x1FAE, 0x1FA7, 0x1FAF, 0x1FA0, 0x1FA8, 0x1FA1, 0x1FA9, 0x1FA2, 0x1FAA, 0x1FA3, 0x1FAB, 0x1FA4, 0x1FAC, 0x1FA5,
        0x1FAD, 0x1FA6, 0x1FAE, 0x1FA7, 0x1FAF, 0x1FB0, 0x1FB8, 0x1FB1, 0x1FB9, 0x1FB3, 0x1FBC, 0x1FB0, 0x1FB8, 0x1FB1, 0x1FB9, 0x1F70,
        0x1FBA, 0x1F71, 0x1FBB, 0x1FB3, 0x1FBC, 0x345, 0x399, 0x3B9, 0x1FBE, 0x1FC3, 0x1FCC, 0x1F72, 0x1FC8, 0x1F73, 0x1FC9, 0x1F74,
        0x1FCA, 0x1F75, 0x1FCB, 0x1FC3, 0x1FCC, 0x1FD0, 0x1FD8, 0x1FD1, 0x1FD9, 0x390, 0x1FD3, 0x1FD0, 0x1FD8, 0x1FD1, 0x1FD9, 0x1F76,
        0x1FDA, 0x1F77, 0x1FDB, 0x1FE0, 0x1FE8, 0x1FE1, 0x1FE9, 0x3B0, 0x1FE3, 0x1FE5, 0x1FEC, 0x1FE0, 0x1FE8, 0x1FE1, 0x1FE9, 0x1F7A,
        0x1FEA, 0x1F7B, 0x1FEB, 0x1FE5, 0x1FEC, 0x1FF3, 0x1FFC, 0x1F78, 0x1FF8, 0x1F79, 0x1FF9, 0x1F7C, 0x1FFA, 0x1F7D, 0x1FFB, 0x1FF3,
        0x1FFC, 0x3A9, 0x3C9, 0x2126, 0x4B, 0x6B, 0x212A, 0xC5, 0xE5, 0x212B, 0x2132, 0x214E, 0x2132, 0x214E, 0x2160, 0x2170,
        0x2161, 0x2171, 0x2162, 0x2172, 0x2163, 0x2173, 0x2164, 0x2174, 0x2165, 0x2175, 0x2166, 0x2176, 0x2167, 0x2177, 0x2168, 0x2178,
        0x2169, 0x2179, 0x216A, 0x217A, 0x216B, 0x217B, 0x216C, 0x217C, 0x216D, 0x217D, 0x216E, 0x217E, 0x216F, 0x217F, 0x2160, 0x2170,
        0x2161, 0x2171, 0x2162, 0x2172, 0x2163, 0x2173, 0x2164, 0x2174, 0x2165, 0x2175, 0x2166, 0x2176, 0x2167, 0x2177, 0x2168, 0x2178,
        0x2169, 0x2179, 0x216A, 0x217A, 0x216B, 0x217B, 0x216C, 0x217C, 0x216D, 0x217D, 0x216E, 0x217E, 0x216F, 0x217F, 0x2183, 0x2184,
        0x2183, 0x2184, 0x24B6, 0x24D0, 0x24B7, 0x24D1, 0x24B8, 0x24D2, 0x24B9, 0x24D3, 0x24BA, 0x24D4, 0x24BB, 0x24D5, 0x24BC, 0x24D6,
        0x24BD, 0x24D7, 0x24BE, 0x24D8, 0x24BF, 0x24D9, 0x24C0, 0x24DA, 0x24C1, 0x24DB, 0x24C2, 0x24DC, 0x24C3, 0x24DD, 0x24C4, 0x24DE,
        0x24C5, 0x24DF, 0x24C6, 0x24E0, 0x24C7, 0x24E1, 0x24C8, 0x24E2, 0x24C9, 0x24E3, 0x24CA, 0x24E4, 0x24CB, 0x24E5, 0x24CC, 0x24E6,
        0x24CD, 0x24E7, 0x24CE, 0x24E8, 0x24CF, 0x24E9, 0x24B6, 0x24D0, 0x24B7, 0x24D1, 0x24B8, 0x24D2, 0x24B9, 0x24D3, 0x24BA, 0x24D4,
        0x24BB, 0x24D5, 0x24BC, 0x24D6, 0x24BD, 0x24D7, 0x24BE, 0x24D8, 0x24BF, 0x24D9, 0x24C0, 0x24DA, 0x24C1, 0x24DB, 0x24C2, 0x24DC,
        0x24C3, 0x24DD, 0x24C4, 0x24DE, 0x24C5, 0x24DF, 0x24C6, 0x24E0, 0x24C7, 0x24E1, 0x24C8, 0x24E2, 0x24C9, 0x24E3, 0x24CA, 0x24E4,
        0x24CB, 0x24E5, 0x24CC, 0x24E6, 0x24CD, 0x24E7, 0x24CE, 0x24E8, 0x24CF, 0x24E9, 0x2C00, 0x2C30, 0x2C01, 0x2C31, 0x2C02, 0x2C32,
        0x2C03, 0x2C33, 0x2C04, 0x2C34, 0x2C05, 0x2C35, 0x2C06, 0x2C36, 0x2C07, 0x2C37, 0x2C08, 0x2C38, 0x2C09, 0x2C39, 0x2C0A, 0x2C3A,
        0x2C0B, 0x2C3B, 0x2C0C, 0x2C3C, 0x2C0D, 0x2C3D, 0x2C0E, 0x2C3E, 0x2C0F, 0x2C3F, 0x2C10, 0x2C40, 0x2C11, 0x2C41, 0x2C12, 0x2C42,
        0x2C13, 0x2C43, 0x2C14, 0x2C44, 0x2C15, 0x2C45, 0x2C16, 0x2C46, 0x2C17, 0x2C47, 0x2C18, 0x2C48, 0x2C19, 0x2C49, 0x2C1A, 0x2C4A,
        0x2C1B, 0x2C4B, 0x2C1C, 0x2C4C, 0x2C1D, 0x2C4D, 0x2C1E, 0x2C4E, 0x2C1F, 0x2C4F, 0x2C20, 0x2C50, 0x2C21, 0x2C51, 0x2C22, 0x2C52,
        0x2C23, 0x2C53, 0x2C24, 0x2C54, 0x2C25, 0x2C55, 0x2C26, 0x2C56, 0x2C27, 0x2C57, 0x2C28, 0x2C58, 0x2C29, 0x2C59, 0x2C2A, 0x2C5A,
        0x2C2B, 0x2C5B, 0x2C2C, 0x2C5C, 0x2C2D, 0x2C5D, 0x2C2E, 0x2C5E, 0x2C2F, 0x2C5F, 0x2C00, 0x2C30, 0x2C01, 0x2C31, 0x2C02, 0x2C32,
        0x2C03, 0x2C33, 0x2C04, 0x2C34, 0x2C05, 0x2C35, 0x2C06, 0x2C36, 0x2C07, 0x2C37, 0x2C08, 0x2C38, 0x2C09, 0x2C39, 0x2C0A, 0x2C3A,
        0x2C0B, 0x2C3B, 0x2C0C, 0x2C3C, 0x2C0D, 0x2C3D, 0x2C0E, 0x2C3E, 0x2C0F, 0x2C3F, 0x2C10, 0x2C40, 0x2C11, 0x2C41, 0x2C12, 0x2C42,
        0x2C13, 0x2C43, 0x2C14, 0x2C44, 0x2C15, 0x2C45, 0x2C16, 0x2C46, 0x2C17, 0x2C47, 0x2C18, 0x2C48, 0x2C19, 0x2C49, 0x2C1A, 0x2C4A,
        0x2C1B, 0x2C4B, 0x2C1C, 0x2C4C, 0x2C1D, 0x2C4D, 0x2C1E, 0x2C4E, 0x2C1F, 0x2C4F, 0x2C20, 0x2C50, 0x2C21, 0x2C51, 0x2C22, 0x2C52,
        0x2C23, 0x2C53, 0x2C24, 0x2C54, 0x2C25, 0x2C55, 0x2C26, 0x2C56, 0x2C27, 0x2C57, 0x2C28, 0x2C58, 0x2C29, 0x2C59, 0x2C2A, 0x2C5A,
        0x2C2B, 0x2C5B, 0x2C2C, 0x2C5C, 0x2C2D, 0x2C5D, 0x2C2E, 0x2C5E, 0x2C2F, 0x2C5F, 0x2C60, 0x2C61, 0x2C60, 0x2C61, 0x26B, 0x2C62,
        0x1D7D, 0x2C63, 0x27D, 0x2C64, 0x23A, 0x2C65, 0x23E, 0x2C66, 0x2C67, 0x2C68, 0x2C67, 0x2C68, 0x2C69, 0x2C6A, 0x2C69, 0x2C6A,
        0x2C6B, 0x2C6C, 0x2C6B, 0x2C6C, 0x251, 0x2C6D, 0x271, 0x2C6E, 0x250, 0x2C6F, 0x252, 0x2C70, 0x2C72, 0x2C73, 0x2C72, 0x2C73,
        0x2C75, 0x2C76, 0x2C75, 0x2C76, 0x23F, 0x2C7E, 0x240, 0x2C7F, 0x2C80, 0x2C81, 0x2C80, 0x2C81, 0x2C82, 0x2C83, 0x2C82, 0x2C83,
        0x2C84, 0x2C85, 0x2C84, 0x2C85, 0x2C86, 0x2C87, 0x2C86, 0x2C87, 0x2C88, 0x2C89, 0x2C88, 0x2C89, 0x2C8A, 0x2C8B, 0x2C8A, 0x2C8B,
        0x2C8C, 0x2C8D, 0x2C8C, 0x2C8D, 0x2C8E, 0x2C8F, 0x2C8E, 0x2C8F, 0x2C90, 0x2C91, 0x2C90, 0x2C91, 0x2C92, 0x2C93, 0x2C92, 0x2C93,
        0x2C94, 0x2C95, 0x2C94, 0x2C95, 0x2C96, 0x2C97, 0x2C96, 0x2C97, 0x2C98, 0x2C99, 0x2C98, 0x2C99, 0x2C9A, 0x2C9B, 0x2C9A, 0x2C9B,
        0x2C9C, 0x2C9D, 0x2C9C, 0x2C9D, 0x2C9E, 0x2C9F, 0x2C9E, 0x2C9F, 0x2CA0, 0x2CA1, 0x2CA0, 0x2CA1, 0x2CA2, 0x2CA3, 0x2CA2, 0x2CA3,
        0x2CA4, 0x2CA5, 0x2CA4, 0x2CA5, 0x2CA6, 0x2CA7, 0x2CA6, 0x2CA7, 0x2CA8, 0x2CA9, 0x2CA8, 0x2CA9, 0x2CAA, 0x2CAB, 0x2CAA, 0x2CAB,
        0x2CAC, 0x2CAD, 0x2CAC, 0x2CAD, 0x2CAE, 0x2CAF, 0x2CAE, 0x2CAF, 0x2CB0, 0x2CB1, 0x2CB0, 0x2CB1, 0x2CB2, 0x2CB3, 0x2CB2, 0x2CB3,
        0x2CB4, 0x2CB5, 0x2CB4, 0x2CB5, 0x2CB6, 0x2CB7, 0x2CB6, 0x2CB7, 0x2CB8, 0x2CB9, 0x2CB8, 0x2CB9, 0x2CBA, 0x2CBB, 0x2CBA, 0x2CBB,
        0x2CBC, 0x2CBD, 0x2CBC, 0x2CBD, 0x2CBE, 0x2CBF, 0x2CBE, 0x2CBF, 0x2CC0, 0x2CC1, 0x2CC0, 0x2CC1, 0x2CC2, 0x2CC3, 0x2CC2, 0x2CC3,
        0x2CC4, 0x2CC5, 0x2CC4, 0x2CC5, 0x2CC6, 0x2CC7, 0x2CC6, 0x2CC7, 0x2CC8, 0x2CC9, 0x2CC8, 0x2CC9, 0x2CCA, 0x2CCB, 0x2CCA, 0x2CCB,
        0x2CCC, 0x2CCD, 0x2CCC, 0x2CCD, 0x2CCE, 0x2CCF, 0x2CCE, 0x2CCF, 0x2CD0, 0x2CD1, 0x2CD0, 0x2CD1, 0x2CD2, 0x2CD3, 0x2CD2, 0x2CD3,
        0x2CD4, 0x2CD5, 0x2CD4, 0x2CD5, 0x2CD6, 0x2CD7, 0x2CD6, 0x2CD7, 0x2CD8, 0x2CD9, 0x2CD8, 0x2CD9, 0x2CDA, 0x2CDB, 0x2CDA, 0x2CDB,
        0x2CDC, 0x2CDD, 0x2CDC, 0x2CDD, 0x2CDE, 0x2CDF, 0x2CDE, 0x2CDF, 0x2CE0, 0x2CE1, 0x2CE0, 0x2CE1, 0x2CE2, 0x2CE3, 0x2CE2, 0x2CE3,
        0x2CEB, 0x2CEC, 0x2CEB, 0x2CEC, 0x2CED, 0x2CEE, 0x2CED, 0x2CEE, 0x2CF2, 0x2CF3, 0x2CF2, 0x2CF3, 0x10A0, 0x2D00, 0x10A1, 0x2D01,
        0x10A2, 0x2D02, 0x10A3, 0x2D03, 0x10A4, 0x2D04, 0x10A5, 0x2D05, 0x10A6, 0x2D06, 0x10A7, 0x2D07, 0x10A8, 0x2D08, 0x10A9, 0x2D09,
        0x10AA, 0x2D0A, 0x10AB, 0x2D0B, 0x10AC, 0x2D0C, 0x10AD, 0x2D0D, 0x10AE, 0x2D0E, 0x10AF, 0x2D0F, 0x10B0, 0x2D10, 0x10B1, 0x2D11,
        0x10B2, 0x2D12, 0x10B3, 0x2D13, 0x10B4, 0x2D14, 0x10B5, 0x2D15, 0x10B6, 0x2D16, 0x10B7, 0x2D17, 0x10B8, 0x2D18, 0x10B9, 0x2D19,
        0x10BA, 0x2D1A, 0x10BB, 0x2D1B, 0x10BC, 0x2D1C, 0x10BD, 0x2D1D, 0x10BE, 0x2D1E, 0x10BF, 0x2D1F, 0x10C0, 0x2D20, 0x10C1, 0x2D21,
        0x10C2, 0x2D22, 0x10C3, 0x2D23, 0x10C4, 0x2D24, 0x10C5, 0x2D25, 0x10C7, 0x2D27, 0x10CD, 0x2D2D, 0xA640, 0xA641, 0xA640, 0xA641,
        0xA642, 0xA643, 0xA642, 0xA643, 0xA644, 0xA645, 0xA644, 0xA645, 0xA646, 0xA647, 0xA646, 0xA647, 0xA648, 0xA649, 0xA648, 0xA649,
        0x1C88, 0xA64A, 0xA64B, 0x1C88, 0xA64A, 0xA64B, 0xA64C, 0xA64D, 0xA64C, 0xA64D, 0xA64E, 0xA64F, 0xA64E, 0xA64F, 0xA650, 0xA651,
        0xA650, 0xA651, 0xA652, 0xA653, 0xA652, 0xA653, 0xA654, 0xA655, 0xA654, 0xA655, 0xA656, 0xA657, 0xA656, 0xA657, 0xA658, 0xA659,
        0xA658, 0xA659, 0xA65A, 0xA65B, 0xA65A, 0xA65B, 0xA65C, 0xA65D, 0xA65C, 0xA65D, 0xA65E, 0xA65F, 0xA65E, 0xA65F, 0xA660, 0xA661,
        0xA660, 0xA661, 0xA662, 0xA663, 0xA662, 0xA663, 0xA664, 0xA665, 0xA664, 0xA665, 0xA666, 0xA667, 0xA666, 0xA667, 0xA668, 0xA669,
        0xA668, 0xA669, 0xA66A, 0xA66B, 0xA66A, 0xA66B, 0xA66C, 0xA66D, 0xA66C, 0xA66D, 0xA680, 0xA681, 0xA680, 0xA681, 0xA682, 0xA683,
        0xA682, 0xA683, 0xA684, 0xA685, 0xA684, 0xA685, 0xA686, 0xA687, 0xA686, 0xA687, 0xA688, 0xA689, 0xA688, 0xA689, 0xA68A, 0xA68B,
        0xA68A, 0xA68B, 0xA68C, 0xA68D, 0xA68C, 0xA68D, 0xA68E, 0xA68F, 0xA68E, 0xA68F, 0xA690, 0xA691, 0xA690, 0xA691, 0xA692, 0xA693,
        0xA692, 0xA693, 0xA694, 0xA695, 0xA694, 0xA695, 0xA696, 0xA697, 0xA696, 0xA697, 0xA698, 0xA699, 0xA698, 0xA699, 0xA69A, 0xA69B,
        0xA69A, 0xA69B, 0xA722, 0xA723, 0xA722, 0xA723, 0xA724, 0xA725, 0xA724, 0xA725, 0xA726, 0xA727, 0xA726, 0xA727, 0xA728, 0xA729,
        0xA728, 0xA729, 0xA72A, 0xA72B, 0xA72A, 0xA72B, 0xA72C, 0xA72D, 0xA72C, 0xA72D, 0xA72E, 0xA72F, 0xA72E, 0xA72F, 0xA732, 0xA733,
        0xA732, 0xA733, 0xA734, 0xA735, 0xA734, 0xA735, 0xA736, 0xA737, 0xA736, 0xA737, 0xA738, 0xA739, 0xA738, 0xA739, 0xA73A, 0xA73B,
        0xA73A, 0xA73B, 0xA73C, 0xA73D, 0xA73C, 0xA73D, 0xA73E, 0xA73F, 0xA73E, 0xA73F, 0xA740, 0xA741, 0xA740, 0xA741, 0xA742, 0xA743,
        0xA742, 0xA743, 0xA744, 0xA745, 0xA744, 0xA745, 0xA746, 0xA747, 0xA746, 0xA747, 0xA748, 0xA749, 0xA748, 0xA749, 0xA74A, 0xA74B,
        0xA74A, 0xA74B, 0xA74C, 0xA74D, 0xA74C, 0xA74D, 0xA74E, 0xA74F, 0xA74E, 0xA74F, 0xA750, 0xA751, 0xA750, 0xA751, 0xA752, 0xA753,
        0xA752, 0xA753, 0xA754, 0xA755, 0xA754, 0xA755, 0xA756, 0xA757, 0xA756, 0xA757, 0xA758, 0xA759, 0xA758, 0xA759, 0xA75A, 0xA75B,
        0xA75A, 0xA75B, 0xA75C, 0xA75D, 0xA75C, 0xA75D, 0xA75E, 0xA75F, 0xA75E, 0xA75F, 0xA760, 0xA761, 0xA760, 0xA761, 0xA762, 0xA763,
        0xA762, 0xA763, 0xA764, 0xA765, 0xA764, 0xA765, 0xA766, 0xA767, 0xA766, 0xA767, 0xA768, 0xA769, 0xA768, 0xA769, 0xA76A, 0xA76B,
        0xA76A, 0xA76B, 0xA76C, 0xA76D, 0xA76C, 0xA76D, 0xA76E, 0xA76F, 0xA76E, 0xA76F, 0xA779, 0xA77A, 0xA779, 0xA77A, 0xA77B, 0xA77C,
        0xA77B, 0xA77C, 0x1D79, 0xA77D, 0xA77E, 0xA77F, 0xA77E, 0xA77F, 0xA780, 0xA781, 0xA780, 0xA781, 0xA782, 0xA783, 0xA782, 0xA783,
        0xA784, 0xA785, 0xA784, 0xA785, 0xA786, 0xA787, 0xA786, 0xA787, 0xA78B, 0xA78C, 0xA78B, 0xA78C, 0x265, 0xA78D, 0xA790, 0xA791,
        0xA790, 0xA791, 0xA792, 0xA793, 0xA792, 0xA793, 0xA794, 0xA7C4, 0xA796, 0xA797, 0xA796, 0xA797, 0xA798, 0xA799, 0xA798, 0xA799,
        0xA79A, 0xA79B, 0xA79A, 0xA79B, 0xA79C, 0xA79D, 0xA79C, 0xA79D, 0xA79E, 0xA79F, 0xA79E, 0xA79F, 0xA7A0, 0xA7A1, 0xA7A0, 0xA7A1,
        0xA7A2, 0xA7A3, 0xA7A2, 0xA7A3, 0xA7A4, 0xA7A5, 0xA7A4, 0xA7A5, 0xA7A6, 0xA7A7, 0xA7A6, 0xA7A7, 0xA7A8, 0xA7A9, 0xA7A8, 0xA7A9,
        0x266, 0xA7AA, 0x25C, 0xA7AB, 0x261, 0xA7AC, 0x26C, 0xA7AD, 0x26A, 0xA7AE, 0x29E, 0xA7B0, 0x287, 0xA7B1, 0x29D, 0xA7B2,
        0xA7B3, 0xAB53, 0xA7B4, 0xA7B5, 0xA7B4, 0xA7B5, 0xA7B6, 0xA7B7, 0xA7B6, 0xA7B7, 0xA7B8, 0xA7B9, 0xA7B8, 0xA7B9, 0xA7BA, 0xA7BB,
        0xA7BA, 0xA7BB, 0xA7BC, 0xA7BD, 0xA7BC, 0xA7BD, 0xA7BE, 0xA7BF, 0xA7BE, 0xA7BF, 0xA7C0, 0xA7C1, 0xA7C0, 0xA7C1, 0xA7C2, 0xA7C3,
        0xA7C2, 0xA7C3, 0xA794, 0xA7C4, 0x282, 0xA7C5, 0x1D8E, 0xA7C6, 0xA7C7, 0xA7C8, 0xA7C7, 0xA7C8, 0xA7C9, 0xA7CA, 0xA7C9, 0xA7CA,
        0xA7D0, 0xA7D1, 0xA7D0, 0xA7D1, 0xA7D6, 0xA7D7, 0xA7D6, 0xA7D7, 0xA7D8, 0xA7D9, 0xA7D8, 0xA7D9, 0xA7F5, 0xA7F6, 0xA7F5, 0xA7F6,
        0xA7B3, 0xAB53, 0x13A0, 0xAB70, 0x13A1, 0xAB71, 0x13A2, 0xAB72, 0x13A3, 0xAB73, 0x13A4, 0xAB74, 0x13A5, 0xAB75, 0x13A6, 0xAB76,
        0x13A7, 0xAB77, 0x13A8, 0xAB78, 0x13A9, 0xAB79, 0x13AA, 0xAB7A, 0x13AB, 0xAB7B, 0x13AC, 0xAB7C, 0x13AD, 0xAB7D, 0x13AE, 0xAB7E,
        0x13AF, 0xAB7F, 0x13B0, 0xAB80, 0x13B1, 0xAB81, 0x13B2, 0xAB82, 0x13B3, 0xAB83, 0x13B4, 0xAB84, 0x13B5, 0xAB85, 0x13B6, 0xAB86,
        0x13B7, 0xAB87, 0x13B8, 0xAB88, 0x13B9, 0xAB89, 0x13BA, 0xAB8A, 0x13BB, 0xAB8B, 0x13BC, 0xAB8C, 0x13BD, 0xAB8D, 0x13BE, 0xAB8E,
        0x13BF, 0xAB8F, 0x13C0, 0xAB90, 0x13C1, 0xAB91, 0x13C2, 0xAB92, 0x13C3, 0xAB93, 0x13C4, 0xAB94, 0x13C5, 0xAB95, 0x13C6, 0xAB96,
        0x13C7, 0xAB97, 0x13C8, 0xAB98, 0x13C9, 0xAB99, 0x13CA, 0xAB9A, 0x13CB, 0xAB9B, 0x13CC, 0xAB9C, 0x13CD, 0xAB9D, 0x13CE, 0xAB9E,
        0x13CF, 0xAB9F, 0x13D0, 0xABA0, 0x13D1, 0xABA1, 0x13D2, 0xABA2, 0x13D3, 0xABA3, 0x13D4, 0xABA4, 0x13D5, 0xABA5, 0x13D6, 0xABA6,
        0x13D7, 0xABA7, 0x13D8, 0xABA8, 0x13D9, 0xABA9, 0x13DA, 0xABAA, 0x13DB, 0xABAB, 0x13DC, 0xABAC, 0x13DD, 0xABAD, 0x13DE, 0xABAE,
        0x13DF, 0xABAF, 0x13E0, 0xABB0, 0x13E1, 0xABB1, 0x13E2, 0xABB2, 0x13E3, 0xABB3, 0x13E4, 0xABB4, 0x13E5, 0xABB5, 0x13E6, 0xABB6,
        0x13E7, 0xABB7, 0x13E8, 0xABB8, 0x13E9, 0xABB9, 0x13EA, 0xABBA, 0x13EB, 0xABBB, 0x13EC, 0xABBC, 0x13ED, 0xABBD, 0x13EE, 0xABBE,
        0x13EF, 0xABBF, 0xFB05, 0xFB06, 0xFB05, 0xFB06, 0xFF21, 0xFF41, 0xFF22, 0xFF42, 0xFF23, 0xFF43, 0xFF24, 0xFF44, 0xFF25, 0xFF45,
        0xFF26, 0xFF46, 0xFF27, 0xFF47, 0xFF28, 0xFF48, 0xFF29, 0xFF49, 0xFF2A, 0xFF4A, 0xFF2B, 0xFF4B, 0xFF2C, 0xFF4C, 0xFF2D, 0xFF4D,
        0xFF2E, 0xFF4E, 0xFF2F, 0xFF4F, 0xFF30, 0xFF50, 0xFF31, 0xFF51, 0xFF32, 0xFF52, 0xFF33, 0xFF53, 0xFF34, 0xFF54, 0xFF35, 0xFF55,
        0xFF36, 0xFF56, 0xFF37, 0xFF57, 0xFF38, 0xFF58, 0xFF39, 0xFF59, 0xFF3A, 0xFF5A, 0xFF21, 0xFF41, 0xFF22, 0xFF42, 0xFF23, 0xFF43,
        0xFF24, 0xFF44, 0xFF25, 0xFF45, 0xFF26, 0xFF46, 0xFF27, 0xFF47, 0xFF28, 0xFF48, 0xFF29, 0xFF49, 0xFF2A, 0xFF4A, 0xFF2B, 0xFF4B,
        0xFF2C, 0xFF4C, 0xFF2D, 0xFF4D, 0xFF2E, 0xFF4E, 0xFF2F, 0xFF4F, 0xFF30, 0xFF50, 0xFF31, 0xFF51, 0xFF32, 0xFF52, 0xFF33, 0xFF53,
        0xFF34, 0xFF54, 0xFF35, 0xFF55, 0xFF36, 0xFF56, 0xFF37, 0xFF57, 0xFF38, 0xFF58, 0xFF39, 0xFF59, 0xFF3A, 0xFF5A, 0x10400, 0x10428,
        0x10401, 0x10429, 0x10402, 0x1042A, 0x10403, 0x1042B, 0x10404, 0x1042C, 0x10405, 0x1042D, 0x10406, 0x1042E, 0x10407, 0x1042F, 0x10408, 0x10430,
        0x10409, 0x10431, 0x1040A, 0x10432, 0x1040B, 0x10433, 0x1040C, 0x10434, 0x1040D, 0x10435, 0x1040E, 0x10436, 0x1040F, 0x10437, 0x10410, 0x10438,
        0x10411, 0x10439, 0x10412, 0x1043A, 0x10413, 0x1043B, 0x10414, 0x1043C, 0x10415, 0x1043D, 0x10416, 0x1043E, 0x10417, 0x1043F, 0x10418, 0x10440,
        0x10419, 0x10441, 0x1041A, 0x10442, 0x1041B, 0x10443, 0x1041C, 0x10444, 0x1041D, 0x10445, 0x1041E, 0x10446, 0x1041F, 0x10447, 0x10420, 0x10448,
        0x10421, 0x10449, 0x10422, 0x1044A, 0x10423, 0x1044B, 0x10424, 0x1044C, 0x10425, 0x1044D, 0x10426, 0x1044E, 0x10427, 0x1044F, 0x10400, 0x10428,
        0x10401, 0x10429, 0x10402, 0x1042A, 0x10403, 0x1042B, 0x10404, 0x1042C, 0x10405, 0x1042D, 0x10406, 0x1042E, 0x10407, 0x1042F, 0x10408, 0x10430,
        0x10409, 0x10431, 0x1040A, 0x10432, 0x1040B, 0x10433, 0x1040C, 0x10434, 0x1040D, 0x10435, 0x1040E, 0x10436, 0x1040F, 0x10437, 0x10410, 0x10438,
        0x10411, 0x10439, 0x10412, 0x1043A, 0x10413, 0x1043B, 0x10414, 0x1043C, 0x10415, 0x1043D, 0x10416, 0x1043E, 0x10417, 0x1043F, 0x10418, 0x10440,
        0x10419, 0x10441, 0x1041A, 0x10442, 0x1041B, 0x10443, 0x1041C, 0x10444, 0x1041D, 0x10445, 0x1041E, 0x10446, 0x1041F, 0x10447, 0x10420, 0x10448,
        0x10421, 0x10449, 0x10422, 0x1044A, 0x10423, 0x1044B, 0x10424, 0x1044C, 0x10425, 0x1044D, 0x10426, 0x1044E, 0x10427, 0x1044F, 0x104B0, 0x104D8,
        0x104B1, 0x104D9, 0x104B2, 0x104DA, 0x104B3, 0x104DB, 0x104B4, 0x104DC, 0x104B5, 0x104DD, 0x104B6, 0x104DE, 0x104B7, 0x104DF, 0x104B8, 0x104E0,
        0x104B9, 0x104E1, 0x104BA, 0x104E2, 0x104BB, 0x104E3, 0x104BC, 0x104E4, 0x104BD, 0x104E5, 0x104BE, 0x104E6, 0x104BF, 0x104E7, 0x104C0, 0x104E8,
        0x104C1, 0x104E9, 0x104C2, 0x104EA, 0x104C3, 0x104EB, 0x104C4, 0x104EC, 0x104C5, 0x104ED, 0x104C6, 0x104EE, 0x104C7, 0x104EF, 0x104C8, 0x104F0,
        0x104C9, 0x104F1, 0x104CA, 0x104F2, 0x104CB, 0x104F3, 0x104CC, 0x104F4, 0x104CD, 0x104F5, 0x104CE, 0x104F6, 0x104CF, 0x104F7, 0x104D0, 0x104F8,
        0x104D1, 0x104F9, 0x104D2, 0x104FA, 0x104D3, 0x104FB, 0x104B0, 0x104D8, 0x104B1, 0x104D9, 0x104B2, 0x104DA, 0x104B3, 0x104DB, 0x104B4, 0x104DC,
        0x104B5, 0x104DD, 0x104B6, 0x104DE, 0x104B7, 0x104DF, 0x104B8, 0x104E0, 0x104B9, 0x104E1, 0x104BA, 0x104E2, 0x104BB, 0x104E3, 0x104BC, 0x104E4,
        0x104BD, 0x104E5, 0x104BE, 0x104E6, 0x104BF, 0x104E7, 0x104C0, 0x104E8, 0x104C1, 0x104E9, 0x104C2, 0x104EA, 0x104C3, 0x104EB, 0x104C4, 0x104EC,
        0x104C5, 0x104ED, 0x104C6, 0x104EE, 0x104C7, 0x104EF, 0x104C8, 0x104F0, 0x104C9, 0x104F1, 0x104CA, 0x104F2, 0x104CB, 0x104F3, 0x104CC, 0x104F4,
        0x104CD, 0x104F5, 0x104CE, 0x104F6, 0x104CF, 0x104F7, 0x104D0, 0x104F8, 0x104D1, 0x104F9, 0x104D2, 0x104FA, 0x104D3, 0x104FB, 0x10570, 0x10597,
        0x10571, 0x10598, 0x10572, 0x10599, 0x10573, 0x1059A, 0x10574, 0x1059B, 0x10575, 0x1059C, 0x10576, 0x1059D, 0x10577, 0x1059E, 0x10578, 0x1059F,
        0x10579, 0x105A0, 0x1057A, 0x105A1, 0x1057C, 0x105A3, 0x1057D, 0x105A4, 0x1057E, 0x105A5, 0x1057F, 0x105A6, 0x10580, 0x105A7, 0x10581, 0x105A8,
        0x10582, 0x105A9, 0x10583, 0x105AA, 0x10584, 0x105AB, 0x10585, 0x105AC, 0x10586, 0x105AD, 0x10587, 0x105AE, 0x10588, 0x105AF, 0x10589, 0x105B0,
        0x1058A, 0x105B1, 0x1058C, 0x105B3, 0x1058D, 0x105B4, 0x1058E, 0x105B5, 0x1058F, 0x105B6, 0x10590, 0x105B7, 0x10591, 0x105B8, 0x10592, 0x105B9,
        0x10594, 0x105BB, 0x10595, 0x105BC, 0x10570, 0x10597, 0x10571, 0x10598, 0x10572, 0x10599, 0x10573, 0x1059A, 0x10574, 0x1059B, 0x10575, 0x1059C,
        0x10576, 0x1059D, 0x10577, 0x1059E, 0x10578, 0x1059F, 0x10579, 0x105A0, 0x1057A, 0x105A1, 0x1057C, 0x105A3, 0x1057D, 0x105A4, 0x1057E, 0x105A5,
        0x1057F, 0x105A6, 0x10580, 0x105A7, 0x10581, 0x105A8, 0x10582, 0x105A9, 0x10583, 0x105AA, 0x10584, 0x105AB, 0x10585, 0x105AC, 0x10586, 0x105AD,
        0x10587, 0x105AE, 0x10588, 0x105AF, 0x10589, 0x105B0, 0x1058A, 0x105B1, 0x1058C, 0x105B3, 0x1058D, 0x105B4, 0x1058E, 0x105B5, 0x1058F, 0x105B6,
        0x10590, 0x105B7, 0x10591, 0x105B8, 0x10592, 0x105B9, 0x10594, 0x105BB, 0x10595, 0x105BC, 0x10C80, 0x10CC0, 0x10C81, 0x10CC1, 0x10C82, 0x10CC2,
        0x10C83, 0x10CC3, 0x10C84, 0x10CC4, 0x10C85, 0x10CC5, 0x10C86, 0x10CC6, 0x10C87, 0x10CC7, 0x10C88, 0x10CC8, 0x10C89, 0x10CC9, 0x10C8A, 0x10CCA,
        0x10C8B, 0x10CCB, 0x10C8C, 0x10CCC, 0x10C8D, 0x10CCD, 0x10C8E, 0x10CCE, 0x10C8F, 0x10CCF, 0x10C90, 0x10CD0, 0x10C91, 0x10CD1, 0x10C92, 0x10CD2,
        0x10C93, 0x10CD3, 0x10C94, 0x10CD4, 0x10C95, 0x10CD5, 0x10C96, 0x10CD6, 0x10C97, 0x10CD7, 0x10C98, 0x10CD8, 0x10C99, 0x10CD9, 0x10C9A, 0x10CDA,
        0x10C9B, 0x10CDB, 0x10C9C, 0x10CDC, 0x10C9D, 0x10CDD, 0x10C9E, 0x10CDE, 0x10C9F, 0x10CDF, 0x10CA0, 0x10CE0, 0x10CA1, 0x10CE1, 0x10CA2, 0x10CE2,
        0x10CA3, 0x10CE3, 0x10CA4, 0x10CE4, 0x10CA5, 0x10CE5, 0x10CA6, 0x10CE6, 0x10CA7, 0x10CE7, 0x10CA8, 0x10CE8, 0x10CA9, 0x10CE9, 0x10CAA, 0x10CEA,
        0x10CAB, 0x10CEB, 0x10CAC, 0x10CEC, 0x10CAD, 0x10CED, 0x10CAE, 0x10CEE, 0x10CAF, 0x10CEF, 0x10CB0, 0x10CF0, 0x10CB1, 0x10CF1, 0x10CB2, 0x10CF2,
        0x10C80, 0x10CC0, 0x10C81, 0x10CC1, 0x10C82, 0x10CC2, 0x10C83, 0x10CC3, 0x10C84, 0x10CC4, 0x10C85, 0x10CC5, 0x10C86, 0x10CC6, 0x10C87, 0x10CC7,
        0x10C88, 0x10CC8, 0x10C89, 0x10CC9, 0x10C8A, 0x10CCA, 0x10C8B, 0x10CCB, 0x10C8C, 0x10CCC, 0x10C8D, 0x10CCD, 0x10C8E, 0x10CCE, 0x10C8F, 0x10CCF,
        0x10C90, 0x10CD0, 0x10C91, 0x10CD1, 0x10C92, 0x10CD2, 0x10C93, 0x10CD3, 0x10C94, 0x10CD4, 0x10C95, 0x10CD5, 0x10C96, 0x10CD6, 0x10C97, 0x10CD7,
        0x10C98, 0x10CD8, 0x10C99, 0x10CD9, 0x10C9A, 0x10CDA, 0x10C9B, 0x10CDB, 0x10C9C, 0x10CDC, 0x10C9D, 0x10CDD, 0x10C9E, 0x10CDE, 0x10C9F, 0x10CDF,
        0x10CA0, 0x10CE0, 0x10CA1, 0x10CE1, 0x10CA2, 0x10CE2, 0x10CA3, 0x10CE3, 0x10CA4, 0x10CE4, 0x10CA5, 0x10CE5, 0x10CA6, 0x10CE6, 0x10CA7, 0x10CE7,
        0x10CA8, 0x10CE8, 0x10CA9, 0x10CE9, 0x10CAA, 0x10CEA, 0x10CAB, 0x10CEB, 0x10CAC, 0x10CEC, 0x10CAD, 0x10CED, 0x10CAE, 0x10CEE, 0x10CAF, 0x10CEF,
        0x10CB0, 0x10CF0, 0x10CB1, 0x10CF1, 0x10CB2, 0x10CF2, 0x118A0, 0x118C0, 0x118A1, 0x118C1, 0x118A2, 0x118C2, 0x118A3, 0x118C3, 0x118A4, 0x118C4,
        0x118A5, 0x118C5, 0x118A6, 0x118C6, 0x118A7, 0x118C7, 0x118A8, 0x118C8, 0x118A9, 0x118C9, 0x118AA, 0x118CA, 0x118AB, 0x118CB, 0x118AC, 0x118CC,
        0x118AD, 0x118CD, 0x118AE, 0x118CE, 0x118AF, 0x118CF, 0x118B0, 0x118D0, 0x118B1, 0x118D1, 0x118B2, 0x118D2, 0x118B3, 0x118D3, 0x118B4, 0x118D4,
        0x118B5, 0x118D5, 0x118B6, 0x118D6, 0x118B7, 0x118D7, 0x118B8, 0x118D8, 0x118B9, 0x118D9, 0x118BA, 0x118DA, 0x118BB, 0x118DB, 0x118BC, 0x118DC,
        0x118BD, 0x118DD, 0x118BE, 0x118DE, 0x118BF, 0x118DF, 0x118A0, 0x118C0, 0x118A1, 0x118C1, 0x118A2, 0x118C2, 0x118A3, 0x118C3, 0x118A4, 0x118C4,
        0x118A5, 0x118C5, 0x118A6, 0x118C6, 0x118A7, 0x118C7, 0x118A8, 0x118C8, 0x118A9, 0x118C9, 0x118AA, 0x118CA, 0x118AB, 0x118CB, 0x118AC, 0x118CC,
        0x118AD, 0x118CD, 0x118AE, 0x118CE, 0x118AF, 0x118CF, 0x118B0, 0x118D0, 0x118B1, 0x118D1, 0x118B2, 0x118D2, 0x118B3, 0x118D3, 0x118B4, 0x118D4,
        0x118B5, 0x118D5, 0x118B6, 0x118D6, 0x118B7, 0x118D7, 0x118B8, 0x118D8, 0x118B9, 0x118D9, 0x118BA, 0x118DA, 0x118BB, 0x118DB, 0x118BC, 0x118DC,
        0x118BD, 0x118DD, 0x118BE, 0x118DE, 0x118BF, 0x118DF, 0x16E40, 0x16E60, 0x16E41, 0x16E61, 0x16E42, 0x16E62, 0x16E43, 0x16E63, 0x16E44, 0x16E64,
        0x16E45, 0x16E65, 0x16E46, 0x16E66, 0x16E47, 0x16E67, 0x16E48, 0x16E68, 0x16E49, 0x16E69, 0x16E4A, 0x16E6A, 0x16E4B, 0x16E6B, 0x16E4C, 0x16E6C,
        0x16E4D, 0x16E6D, 0x16E4E, 0x16E6E, 0x16E4F, 0x16E6F, 0x16E50, 0x16E70, 0x16E51, 0x16E71, 0x16E52, 0x16E72, 0x16E53, 0x16E73, 0x16E54, 0x16E74,
        0x16E55, 0x16E75, 0x16E56, 0x16E76, 0x16E57, 0x16E77, 0x16E58, 0x16E78, 0x16E59, 0x16E79, 0x16E5A, 0x16E7A, 0x16E5B, 0x16E7B, 0x16E5C, 0x16E7C,
        0x16E5D, 0x16E7D, 0x16E5E, 0x16E7E, 0x16E5F, 0x16E7F, 0x16E40, 0x16E60, 0x16E41, 0x16E61, 0x16E42, 0x16E62, 0x16E43, 0x16E63, 0x16E44, 0x16E64,
        0x16E45, 0x16E65, 0x16E46, 0x16E66, 0x16E47, 0x16E67, 0x16E48, 0x16E68, 0x16E49, 0x16E69, 0x16E4A, 0x16E6A, 0x16E4B, 0x16E6B, 0x16E4C, 0x16E6C,
        0x16E4D, 0x16E6D, 0x16E4E, 0x16E6E, 0x16E4F, 0x16E6F, 0x16E50, 0x16E70, 0x16E51, 0x16E71, 0x16E52, 0x16E72, 0x16E53, 0x16E73, 0x16E54, 0x16E74,
        0x16E55, 0x16E75, 0x16E56, 0x16E76, 0x16E57, 0x16E77, 0x16E58, 0x16E78, 0x16E59, 0x16E79, 0x16E5A, 0x16E7A, 0x16E5B, 0x16E7B, 0x16E5C, 0x16E7C,
        0x16E5D, 0x16E7D, 0x16E5E, 0x16E7E, 0x16E5F, 0x16E7F, 0x1E900, 0x1E922, 0x1E901, 0x1E923, 0x1E902, 0x1E924, 0x1E903, 0x1E925, 0x1E904, 0x1E926,
        0x1E905, 0x1E927, 0x1E906, 0x1E928, 0x1E907, 0x1E929, 0x1E908, 0x1E92A, 0x1E909, 0x1E92B, 0x1E90A, 0x1E92C, 0x1E90B, 0x1E92D, 0x1E90C, 0x1E92E,
        0x1E90D, 0x1E92F, 0x1E90E, 0x1E930, 0x1E90F, 0x1E931, 0x1E910, 0x1E932, 0x1E911, 0x1E933, 0x1E912, 0x1E934, 0x1E913, 0x1E935, 0x1E914, 0x1E936,
        0x1E915, 0x1E937, 0x1E916, 0x1E938, 0x1E917, 0x1E939, 0x1E918, 0x1E93A, 0x1E919, 0x1E93B, 0x1E91A, 0x1E93C, 0x1E91B, 0x1E93D, 0x1E91C, 0x1E93E,
        0x1E91D, 0x1E93F, 0x1E91E, 0x1E940, 0x1E91F, 0x1E941, 0x1E920, 0x1E942, 0x1E921, 0x1E943, 0x1E900, 0x1E922, 0x1E901, 0x1E923, 0x1E902, 0x1E924,
        0x1E903, 0x1E925, 0x1E904, 0x1E926, 0x1E905, 0x1E927, 0x1E906, 0x1E928, 0x1E907, 0x1E929, 0x1E908, 0x1E92A, 0x1E909, 0x1E92B, 0x1E90A, 0x1E92C,
        0x1E90B, 0x1E92D, 0x1E90C, 0x1E92E, 0x1E90D, 0x1E92F, 0x1E90E, 0x1E930, 0x1E90F, 0x1E931, 0x1E910, 0x1E932, 0x1E911, 0x1E933, 0x1E912, 0x1E934,
        0x1E913, 0x1E935, 0x1E914, 0x1E936, 0x1E915, 0x1E937, 0x1E916, 0x1E938, 0x1E917, 0x1E939, 0x1E918, 0x1E93A, 0x1E919, 0x1E93B, 0x1E91A, 0x1E93C,
        0x1E91B, 0x1E93D, 0x1E91C, 0x1E93E, 0x1E91D, 0x1E93F, 0x1E91E, 0x1E940, 0x1E91F, 0x1E941, 0x1E920, 0x1E942, 0x1E921, 0x1E943,
    ];

    private static readonly int[] s_canonicals =
    [
        0x41, 0x42, 0x43, 0x44, 0x45, 0x46, 0x47, 0x48, 0x49, 0x4A, 0x4B, 0x4C, 0x4D, 0x4E, 0x4F, 0x50,
        0x51, 0x52, 0x53, 0x54, 0x55, 0x56, 0x57, 0x58, 0x59, 0x5A, 0x41, 0x42, 0x43, 0x44, 0x45, 0x46,
        0x47, 0x48, 0x49, 0x4A, 0x4B, 0x4C, 0x4D, 0x4E, 0x4F, 0x50, 0x51, 0x52, 0x53, 0x54, 0x55, 0x56,
        0x57, 0x58, 0x59, 0x5A, 0xB5, 0xC0, 0xC1, 0xC2, 0xC3, 0xC4, 0xC5, 0xC6, 0xC7, 0xC8, 0xC9, 0xCA,
        0xCB, 0xCC, 0xCD, 0xCE, 0xCF, 0xD0, 0xD1, 0xD2, 0xD3, 0xD4, 0xD5, 0xD6, 0xD8, 0xD9, 0xDA, 0xDB,
        0xDC, 0xDD, 0xDE, 0xDF, 0xC0, 0xC1, 0xC2, 0xC3, 0xC4, 0xC5, 0xC6, 0xC7, 0xC8, 0xC9, 0xCA, 0xCB,
        0xCC, 0xCD, 0xCE, 0xCF, 0xD0, 0xD1, 0xD2, 0xD3, 0xD4, 0xD5, 0xD6, 0xD8, 0xD9, 0xDA, 0xDB, 0xDC,
        0xDD, 0xDE, 0xFF, 0x100, 0x100, 0x102, 0x102, 0x104, 0x104, 0x106, 0x106, 0x108, 0x108, 0x10A, 0x10A, 0x10C,
        0x10C, 0x10E, 0x10E, 0x110, 0x110, 0x112, 0x112, 0x114, 0x114, 0x116, 0x116, 0x118, 0x118, 0x11A, 0x11A, 0x11C,
        0x11C, 0x11E, 0x11E, 0x120, 0x120, 0x122, 0x122, 0x124, 0x124, 0x126, 0x126, 0x128, 0x128, 0x12A, 0x12A, 0x12C,
        0x12C, 0x12E, 0x12E, 0x69, 0x49, 0x132, 0x132, 0x134, 0x134, 0x136, 0x136, 0x139, 0x139, 0x13B, 0x13B, 0x13D,
        0x13D, 0x13F, 0x13F, 0x141, 0x141, 0x143, 0x143, 0x145, 0x145, 0x147, 0x147, 0x14A, 0x14A, 0x14C, 0x14C, 0x14E,
        0x14E, 0x150, 0x150, 0x152, 0x152, 0x154, 0x154, 0x156, 0x156, 0x158, 0x158, 0x15A, 0x15A, 0x15C, 0x15C, 0x15E,
        0x15E, 0x160, 0x160, 0x162, 0x162, 0x164, 0x164, 0x166, 0x166, 0x168, 0x168, 0x16A, 0x16A, 0x16C, 0x16C, 0x16E,
        0x16E, 0x170, 0x170, 0x172, 0x172, 0x174, 0x174, 0x176, 0x176, 0xFF, 0x179, 0x179, 0x17B, 0x17B, 0x17D, 0x17D,
        0x53, 0x180, 0x181, 0x182, 0x182, 0x184, 0x184, 0x186, 0x187, 0x187, 0x189, 0x18A, 0x18B, 0x18B, 0x18E, 0x18F,
        0x190, 0x191, 0x191, 0x193, 0x194, 0x195, 0x196, 0x197, 0x198, 0x198, 0x19A, 0x19C, 0x19D, 0x19E, 0x19F, 0x1A0,
        0x1A0, 0x1A2, 0x1A2, 0x1A4, 0x1A4, 0x1A6, 0x1A7, 0x1A7, 0x1A9, 0x1AC, 0x1AC, 0x1AE, 0x1AF, 0x1AF, 0x1B1, 0x1B2,
        0x1B3, 0x1B3, 0x1B5, 0x1B5, 0x1B7, 0x1B8, 0x1B8, 0x1BC, 0x1BC, 0x1BF, 0x1C4, 0x1C4, 0x1C4, 0x1C7, 0x1C7, 0x1C7,
        0x1CA, 0x1CA, 0x1CA, 0x1CD, 0x1CD, 0x1CF, 0x1CF, 0x1D1, 0x1D1, 0x1D3, 0x1D3, 0x1D5, 0x1D5, 0x1D7, 0x1D7, 0x1D9,
        0x1D9, 0x1DB, 0x1DB, 0x18E, 0x1DE, 0x1DE, 0x1E0, 0x1E0, 0x1E2, 0x1E2, 0x1E4, 0x1E4, 0x1E6, 0x1E6, 0x1E8, 0x1E8,
        0x1EA, 0x1EA, 0x1EC, 0x1EC, 0x1EE, 0x1EE, 0x1F1, 0x1F1, 0x1F1, 0x1F4, 0x1F4, 0x195, 0x1BF, 0x1F8, 0x1F8, 0x1FA,
        0x1FA, 0x1FC, 0x1FC, 0x1FE, 0x1FE, 0x200, 0x200, 0x202, 0x202, 0x204, 0x204, 0x206, 0x206, 0x208, 0x208, 0x20A,
        0x20A, 0x20C, 0x20C, 0x20E, 0x20E, 0x210, 0x210, 0x212, 0x212, 0x214, 0x214, 0x216, 0x216, 0x218, 0x218, 0x21A,
        0x21A, 0x21C, 0x21C, 0x21E, 0x21E, 0x19E, 0x222, 0x222, 0x224, 0x224, 0x226, 0x226, 0x228, 0x228, 0x22A, 0x22A,
        0x22C, 0x22C, 0x22E, 0x22E, 0x230, 0x230, 0x232, 0x232, 0x23A, 0x23B, 0x23B, 0x19A, 0x23E, 0x23F, 0x240, 0x241,
        0x241, 0x180, 0x244, 0x245, 0x246, 0x246, 0x248, 0x248, 0x24A, 0x24A, 0x24C, 0x24C, 0x24E, 0x24E, 0x250, 0x251,
        0x252, 0x181, 0x186, 0x189, 0x18A, 0x18F, 0x190, 0x25C, 0x193, 0x261, 0x194, 0x265, 0x266, 0x197, 0x196, 0x26A,
        0x26B, 0x26C, 0x19C, 0x271, 0x19D, 0x19F, 0x27D, 0x1A6, 0x282, 0x1A9, 0x287, 0x1AE, 0x244, 0x1B1, 0x1B2, 0x245,
        0x1B7, 0x29D, 0x29E, 0x345, 0x370, 0x370, 0x372, 0x372, 0x376, 0x376, 0x37B, 0x37C, 0x37D, 0x37F, 0x386, 0x388,
        0x389, 0x38A, 0x38C, 0x38E, 0x38F, 0x390, 0x391, 0x392, 0x393, 0x394, 0x395, 0x396, 0x397, 0x398, 0x345, 0x39A,
        0x39B, 0xB5, 0x39D, 0x39E, 0x39F, 0x3A0, 0x3A1, 0x3A3, 0x3A4, 0x3A5, 0x3A6, 0x3A7, 0x3A8, 0x3A9, 0x3AA, 0x3AB,
        0x386, 0x388, 0x389, 0x38A, 0x3B0, 0x391, 0x392, 0x393, 0x394, 0x395, 0x396, 0x397, 0x398, 0x345, 0x39A, 0x39B,
        0xB5, 0x39D, 0x39E, 0x39F, 0x3A0, 0x3A1, 0x3A3, 0x3A3, 0x3A4, 0x3A5, 0x3A6, 0x3A7, 0x3A8, 0x3A9, 0x3AA, 0x3AB,
        0x38C, 0x38E, 0x38F, 0x3CF, 0x392, 0x398, 0x3A6, 0x3A0, 0x3CF, 0x3D8, 0x3D8, 0x3DA, 0x3DA, 0x3DC, 0x3DC, 0x3DE,
        0x3DE, 0x3E0, 0x3E0, 0x3E2, 0x3E2, 0x3E4, 0x3E4, 0x3E6, 0x3E6, 0x3E8, 0x3E8, 0x3EA, 0x3EA, 0x3EC, 0x3EC, 0x3EE,
        0x3EE, 0x39A, 0x3A1, 0x3F2, 0x37F, 0x398, 0x395, 0x3F7, 0x3F7, 0x3F2, 0x3FA, 0x3FA, 0x37B, 0x37C, 0x37D, 0x400,
        0x401, 0x402, 0x403, 0x404, 0x405, 0x406, 0x407, 0x408, 0x409, 0x40A, 0x40B, 0x40C, 0x40D, 0x40E, 0x40F, 0x410,
        0x411, 0x412, 0x413, 0x414, 0x415, 0x416, 0x417, 0x418, 0x419, 0x41A, 0x41B, 0x41C, 0x41D, 0x41E, 0x41F, 0x420,
        0x421, 0x422, 0x423, 0x424, 0x425, 0x426, 0x427, 0x428, 0x429, 0x42A, 0x42B, 0x42C, 0x42D, 0x42E, 0x42F, 0x410,
        0x411, 0x412, 0x413, 0x414, 0x415, 0x416, 0x417, 0x418, 0x419, 0x41A, 0x41B, 0x41C, 0x41D, 0x41E, 0x41F, 0x420,
        0x421, 0x422, 0x423, 0x424, 0x425, 0x426, 0x427, 0x428, 0x429, 0x42A, 0x42B, 0x42C, 0x42D, 0x42E, 0x42F, 0x400,
        0x401, 0x402, 0x403, 0x404, 0x405, 0x406, 0x407, 0x408, 0x409, 0x40A, 0x40B, 0x40C, 0x40D, 0x40E, 0x40F, 0x460,
        0x460, 0x462, 0x462, 0x464, 0x464, 0x466, 0x466, 0x468, 0x468, 0x46A, 0x46A, 0x46C, 0x46C, 0x46E, 0x46E, 0x470,
        0x470, 0x472, 0x472, 0x474, 0x474, 0x476, 0x476, 0x478, 0x478, 0x47A, 0x47A, 0x47C, 0x47C, 0x47E, 0x47E, 0x480,
        0x480, 0x48A, 0x48A, 0x48C, 0x48C, 0x48E, 0x48E, 0x490, 0x490, 0x492, 0x492, 0x494, 0x494, 0x496, 0x496, 0x498,
        0x498, 0x49A, 0x49A, 0x49C, 0x49C, 0x49E, 0x49E, 0x4A0, 0x4A0, 0x4A2, 0x4A2, 0x4A4, 0x4A4, 0x4A6, 0x4A6, 0x4A8,
        0x4A8, 0x4AA, 0x4AA, 0x4AC, 0x4AC, 0x4AE, 0x4AE, 0x4B0, 0x4B0, 0x4B2, 0x4B2, 0x4B4, 0x4B4, 0x4B6, 0x4B6, 0x4B8,
        0x4B8, 0x4BA, 0x4BA, 0x4BC, 0x4BC, 0x4BE, 0x4BE, 0x4C0, 0x4C1, 0x4C1, 0x4C3, 0x4C3, 0x4C5, 0x4C5, 0x4C7, 0x4C7,
        0x4C9, 0x4C9, 0x4CB, 0x4CB, 0x4CD, 0x4CD, 0x4C0, 0x4D0, 0x4D0, 0x4D2, 0x4D2, 0x4D4, 0x4D4, 0x4D6, 0x4D6, 0x4D8,
        0x4D8, 0x4DA, 0x4DA, 0x4DC, 0x4DC, 0x4DE, 0x4DE, 0x4E0, 0x4E0, 0x4E2, 0x4E2, 0x4E4, 0x4E4, 0x4E6, 0x4E6, 0x4E8,
        0x4E8, 0x4EA, 0x4EA, 0x4EC, 0x4EC, 0x4EE, 0x4EE, 0x4F0, 0x4F0, 0x4F2, 0x4F2, 0x4F4, 0x4F4, 0x4F6, 0x4F6, 0x4F8,
        0x4F8, 0x4FA, 0x4FA, 0x4FC, 0x4FC, 0x4FE, 0x4FE, 0x500, 0x500, 0x502, 0x502, 0x504, 0x504, 0x506, 0x506, 0x508,
        0x508, 0x50A, 0x50A, 0x50C, 0x50C, 0x50E, 0x50E, 0x510, 0x510, 0x512, 0x512, 0x514, 0x514, 0x516, 0x516, 0x518,
        0x518, 0x51A, 0x51A, 0x51C, 0x51C, 0x51E, 0x51E, 0x520, 0x520, 0x522, 0x522, 0x524, 0x524, 0x526, 0x526, 0x528,
        0x528, 0x52A, 0x52A, 0x52C, 0x52C, 0x52E, 0x52E, 0x531, 0x532, 0x533, 0x534, 0x535, 0x536, 0x537, 0x538, 0x539,
        0x53A, 0x53B, 0x53C, 0x53D, 0x53E, 0x53F, 0x540, 0x541, 0x542, 0x543, 0x544, 0x545, 0x546, 0x547, 0x548, 0x549,
        0x54A, 0x54B, 0x54C, 0x54D, 0x54E, 0x54F, 0x550, 0x551, 0x552, 0x553, 0x554, 0x555, 0x556, 0x531, 0x532, 0x533,
        0x534, 0x535, 0x536, 0x537, 0x538, 0x539, 0x53A, 0x53B, 0x53C, 0x53D, 0x53E, 0x53F, 0x540, 0x541, 0x542, 0x543,
        0x544, 0x545, 0x546, 0x547, 0x548, 0x549, 0x54A, 0x54B, 0x54C, 0x54D, 0x54E, 0x54F, 0x550, 0x551, 0x552, 0x553,
        0x554, 0x555, 0x556, 0x10A0, 0x10A1, 0x10A2, 0x10A3, 0x10A4, 0x10A5, 0x10A6, 0x10A7, 0x10A8, 0x10A9, 0x10AA, 0x10AB, 0x10AC,
        0x10AD, 0x10AE, 0x10AF, 0x10B0, 0x10B1, 0x10B2, 0x10B3, 0x10B4, 0x10B5, 0x10B6, 0x10B7, 0x10B8, 0x10B9, 0x10BA, 0x10BB, 0x10BC,
        0x10BD, 0x10BE, 0x10BF, 0x10C0, 0x10C1, 0x10C2, 0x10C3, 0x10C4, 0x10C5, 0x10C7, 0x10CD, 0x10D0, 0x10D1, 0x10D2, 0x10D3, 0x10D4,
        0x10D5, 0x10D6, 0x10D7, 0x10D8, 0x10D9, 0x10DA, 0x10DB, 0x10DC, 0x10DD, 0x10DE, 0x10DF, 0x10E0, 0x10E1, 0x10E2, 0x10E3, 0x10E4,
        0x10E5, 0x10E6, 0x10E7, 0x10E8, 0x10E9, 0x10EA, 0x10EB, 0x10EC, 0x10ED, 0x10EE, 0x10EF, 0x10F0, 0x10F1, 0x10F2, 0x10F3, 0x10F4,
        0x10F5, 0x10F6, 0x10F7, 0x10F8, 0x10F9, 0x10FA, 0x10FD, 0x10FE, 0x10FF, 0x13A0, 0x13A1, 0x13A2, 0x13A3, 0x13A4, 0x13A5, 0x13A6,
        0x13A7, 0x13A8, 0x13A9, 0x13AA, 0x13AB, 0x13AC, 0x13AD, 0x13AE, 0x13AF, 0x13B0, 0x13B1, 0x13B2, 0x13B3, 0x13B4, 0x13B5, 0x13B6,
        0x13B7, 0x13B8, 0x13B9, 0x13BA, 0x13BB, 0x13BC, 0x13BD, 0x13BE, 0x13BF, 0x13C0, 0x13C1, 0x13C2, 0x13C3, 0x13C4, 0x13C5, 0x13C6,
        0x13C7, 0x13C8, 0x13C9, 0x13CA, 0x13CB, 0x13CC, 0x13CD, 0x13CE, 0x13CF, 0x13D0, 0x13D1, 0x13D2, 0x13D3, 0x13D4, 0x13D5, 0x13D6,
        0x13D7, 0x13D8, 0x13D9, 0x13DA, 0x13DB, 0x13DC, 0x13DD, 0x13DE, 0x13DF, 0x13E0, 0x13E1, 0x13E2, 0x13E3, 0x13E4, 0x13E5, 0x13E6,
        0x13E7, 0x13E8, 0x13E9, 0x13EA, 0x13EB, 0x13EC, 0x13ED, 0x13EE, 0x13EF, 0x13F0, 0x13F1, 0x13F2, 0x13F3, 0x13F4, 0x13F5, 0x13F0,
        0x13F1, 0x13F2, 0x13F3, 0x13F4, 0x13F5, 0x412, 0x414, 0x41E, 0x421, 0x422, 0x422, 0x42A, 0x462, 0x1C88, 0x10D0, 0x10D1,
        0x10D2, 0x10D3, 0x10D4, 0x10D5, 0x10D6, 0x10D7, 0x10D8, 0x10D9, 0x10DA, 0x10DB, 0x10DC, 0x10DD, 0x10DE, 0x10DF, 0x10E0, 0x10E1,
        0x10E2, 0x10E3, 0x10E4, 0x10E5, 0x10E6, 0x10E7, 0x10E8, 0x10E9, 0x10EA, 0x10EB, 0x10EC, 0x10ED, 0x10EE, 0x10EF, 0x10F0, 0x10F1,
        0x10F2, 0x10F3, 0x10F4, 0x10F5, 0x10F6, 0x10F7, 0x10F8, 0x10F9, 0x10FA, 0x10FD, 0x10FE, 0x10FF, 0x1D79, 0x1D7D, 0x1D8E, 0x1E00,
        0x1E00, 0x1E02, 0x1E02, 0x1E04, 0x1E04, 0x1E06, 0x1E06, 0x1E08, 0x1E08, 0x1E0A, 0x1E0A, 0x1E0C, 0x1E0C, 0x1E0E, 0x1E0E, 0x1E10,
        0x1E10, 0x1E12, 0x1E12, 0x1E14, 0x1E14, 0x1E16, 0x1E16, 0x1E18, 0x1E18, 0x1E1A, 0x1E1A, 0x1E1C, 0x1E1C, 0x1E1E, 0x1E1E, 0x1E20,
        0x1E20, 0x1E22, 0x1E22, 0x1E24, 0x1E24, 0x1E26, 0x1E26, 0x1E28, 0x1E28, 0x1E2A, 0x1E2A, 0x1E2C, 0x1E2C, 0x1E2E, 0x1E2E, 0x1E30,
        0x1E30, 0x1E32, 0x1E32, 0x1E34, 0x1E34, 0x1E36, 0x1E36, 0x1E38, 0x1E38, 0x1E3A, 0x1E3A, 0x1E3C, 0x1E3C, 0x1E3E, 0x1E3E, 0x1E40,
        0x1E40, 0x1E42, 0x1E42, 0x1E44, 0x1E44, 0x1E46, 0x1E46, 0x1E48, 0x1E48, 0x1E4A, 0x1E4A, 0x1E4C, 0x1E4C, 0x1E4E, 0x1E4E, 0x1E50,
        0x1E50, 0x1E52, 0x1E52, 0x1E54, 0x1E54, 0x1E56, 0x1E56, 0x1E58, 0x1E58, 0x1E5A, 0x1E5A, 0x1E5C, 0x1E5C, 0x1E5E, 0x1E5E, 0x1E60,
        0x1E60, 0x1E62, 0x1E62, 0x1E64, 0x1E64, 0x1E66, 0x1E66, 0x1E68, 0x1E68, 0x1E6A, 0x1E6A, 0x1E6C, 0x1E6C, 0x1E6E, 0x1E6E, 0x1E70,
        0x1E70, 0x1E72, 0x1E72, 0x1E74, 0x1E74, 0x1E76, 0x1E76, 0x1E78, 0x1E78, 0x1E7A, 0x1E7A, 0x1E7C, 0x1E7C, 0x1E7E, 0x1E7E, 0x1E80,
        0x1E80, 0x1E82, 0x1E82, 0x1E84, 0x1E84, 0x1E86, 0x1E86, 0x1E88, 0x1E88, 0x1E8A, 0x1E8A, 0x1E8C, 0x1E8C, 0x1E8E, 0x1E8E, 0x1E90,
        0x1E90, 0x1E92, 0x1E92, 0x1E94, 0x1E94, 0x1E60, 0xDF, 0x1EA0, 0x1EA0, 0x1EA2, 0x1EA2, 0x1EA4, 0x1EA4, 0x1EA6, 0x1EA6, 0x1EA8,
        0x1EA8, 0x1EAA, 0x1EAA, 0x1EAC, 0x1EAC, 0x1EAE, 0x1EAE, 0x1EB0, 0x1EB0, 0x1EB2, 0x1EB2, 0x1EB4, 0x1EB4, 0x1EB6, 0x1EB6, 0x1EB8,
        0x1EB8, 0x1EBA, 0x1EBA, 0x1EBC, 0x1EBC, 0x1EBE, 0x1EBE, 0x1EC0, 0x1EC0, 0x1EC2, 0x1EC2, 0x1EC4, 0x1EC4, 0x1EC6, 0x1EC6, 0x1EC8,
        0x1EC8, 0x1ECA, 0x1ECA, 0x1ECC, 0x1ECC, 0x1ECE, 0x1ECE, 0x1ED0, 0x1ED0, 0x1ED2, 0x1ED2, 0x1ED4, 0x1ED4, 0x1ED6, 0x1ED6, 0x1ED8,
        0x1ED8, 0x1EDA, 0x1EDA, 0x1EDC, 0x1EDC, 0x1EDE, 0x1EDE, 0x1EE0, 0x1EE0, 0x1EE2, 0x1EE2, 0x1EE4, 0x1EE4, 0x1EE6, 0x1EE6, 0x1EE8,
        0x1EE8, 0x1EEA, 0x1EEA, 0x1EEC, 0x1EEC, 0x1EEE, 0x1EEE, 0x1EF0, 0x1EF0, 0x1EF2, 0x1EF2, 0x1EF4, 0x1EF4, 0x1EF6, 0x1EF6, 0x1EF8,
        0x1EF8, 0x1EFA, 0x1EFA, 0x1EFC, 0x1EFC, 0x1EFE, 0x1EFE, 0x1F00, 0x1F01, 0x1F02, 0x1F03, 0x1F04, 0x1F05, 0x1F06, 0x1F07, 0x1F00,
        0x1F01, 0x1F02, 0x1F03, 0x1F04, 0x1F05, 0x1F06, 0x1F07, 0x1F10, 0x1F11, 0x1F12, 0x1F13, 0x1F14, 0x1F15, 0x1F10, 0x1F11, 0x1F12,
        0x1F13, 0x1F14, 0x1F15, 0x1F20, 0x1F21, 0x1F22, 0x1F23, 0x1F24, 0x1F25, 0x1F26, 0x1F27, 0x1F20, 0x1F21, 0x1F22, 0x1F23, 0x1F24,
        0x1F25, 0x1F26, 0x1F27, 0x1F30, 0x1F31, 0x1F32, 0x1F33, 0x1F34, 0x1F35, 0x1F36, 0x1F37, 0x1F30, 0x1F31, 0x1F32, 0x1F33, 0x1F34,
        0x1F35, 0x1F36, 0x1F37, 0x1F40, 0x1F41, 0x1F42, 0x1F43, 0x1F44, 0x1F45, 0x1F40, 0x1F41, 0x1F42, 0x1F43, 0x1F44, 0x1F45, 0x1F51,
        0x1F53, 0x1F55, 0x1F57, 0x1F51, 0x1F53, 0x1F55, 0x1F57, 0x1F60, 0x1F61, 0x1F62, 0x1F63, 0x1F64, 0x1F65, 0x1F66, 0x1F67, 0x1F60,
        0x1F61, 0x1F62, 0x1F63, 0x1F64, 0x1F65, 0x1F66, 0x1F67, 0x1F70, 0x1F71, 0x1F72, 0x1F73, 0x1F74, 0x1F75, 0x1F76, 0x1F77, 0x1F78,
        0x1F79, 0x1F7A, 0x1F7B, 0x1F7C, 0x1F7D, 0x1F80, 0x1F81, 0x1F82, 0x1F83, 0x1F84, 0x1F85, 0x1F86, 0x1F87, 0x1F80, 0x1F81, 0x1F82,
        0x1F83, 0x1F84, 0x1F85, 0x1F86, 0x1F87, 0x1F90, 0x1F91, 0x1F92, 0x1F93, 0x1F94, 0x1F95, 0x1F96, 0x1F97, 0x1F90, 0x1F91, 0x1F92,
        0x1F93, 0x1F94, 0x1F95, 0x1F96, 0x1F97, 0x1FA0, 0x1FA1, 0x1FA2, 0x1FA3, 0x1FA4, 0x1FA5, 0x1FA6, 0x1FA7, 0x1FA0, 0x1FA1, 0x1FA2,
        0x1FA3, 0x1FA4, 0x1FA5, 0x1FA6, 0x1FA7, 0x1FB0, 0x1FB1, 0x1FB3, 0x1FB0, 0x1FB1, 0x1F70, 0x1F71, 0x1FB3, 0x345, 0x1FC3, 0x1F72,
        0x1F73, 0x1F74, 0x1F75, 0x1FC3, 0x1FD0, 0x1FD1, 0x390, 0x1FD0, 0x1FD1, 0x1F76, 0x1F77, 0x1FE0, 0x1FE1, 0x3B0, 0x1FE5, 0x1FE0,
        0x1FE1, 0x1F7A, 0x1F7B, 0x1FE5, 0x1FF3, 0x1F78, 0x1F79, 0x1F7C, 0x1F7D, 0x1FF3, 0x3A9, 0x4B, 0xC5, 0x2132, 0x2132, 0x2160,
        0x2161, 0x2162, 0x2163, 0x2164, 0x2165, 0x2166, 0x2167, 0x2168, 0x2169, 0x216A, 0x216B, 0x216C, 0x216D, 0x216E, 0x216F, 0x2160,
        0x2161, 0x2162, 0x2163, 0x2164, 0x2165, 0x2166, 0x2167, 0x2168, 0x2169, 0x216A, 0x216B, 0x216C, 0x216D, 0x216E, 0x216F, 0x2183,
        0x2183, 0x24B6, 0x24B7, 0x24B8, 0x24B9, 0x24BA, 0x24BB, 0x24BC, 0x24BD, 0x24BE, 0x24BF, 0x24C0, 0x24C1, 0x24C2, 0x24C3, 0x24C4,
        0x24C5, 0x24C6, 0x24C7, 0x24C8, 0x24C9, 0x24CA, 0x24CB, 0x24CC, 0x24CD, 0x24CE, 0x24CF, 0x24B6, 0x24B7, 0x24B8, 0x24B9, 0x24BA,
        0x24BB, 0x24BC, 0x24BD, 0x24BE, 0x24BF, 0x24C0, 0x24C1, 0x24C2, 0x24C3, 0x24C4, 0x24C5, 0x24C6, 0x24C7, 0x24C8, 0x24C9, 0x24CA,
        0x24CB, 0x24CC, 0x24CD, 0x24CE, 0x24CF, 0x2C00, 0x2C01, 0x2C02, 0x2C03, 0x2C04, 0x2C05, 0x2C06, 0x2C07, 0x2C08, 0x2C09, 0x2C0A,
        0x2C0B, 0x2C0C, 0x2C0D, 0x2C0E, 0x2C0F, 0x2C10, 0x2C11, 0x2C12, 0x2C13, 0x2C14, 0x2C15, 0x2C16, 0x2C17, 0x2C18, 0x2C19, 0x2C1A,
        0x2C1B, 0x2C1C, 0x2C1D, 0x2C1E, 0x2C1F, 0x2C20, 0x2C21, 0x2C22, 0x2C23, 0x2C24, 0x2C25, 0x2C26, 0x2C27, 0x2C28, 0x2C29, 0x2C2A,
        0x2C2B, 0x2C2C, 0x2C2D, 0x2C2E, 0x2C2F, 0x2C00, 0x2C01, 0x2C02, 0x2C03, 0x2C04, 0x2C05, 0x2C06, 0x2C07, 0x2C08, 0x2C09, 0x2C0A,
        0x2C0B, 0x2C0C, 0x2C0D, 0x2C0E, 0x2C0F, 0x2C10, 0x2C11, 0x2C12, 0x2C13, 0x2C14, 0x2C15, 0x2C16, 0x2C17, 0x2C18, 0x2C19, 0x2C1A,
        0x2C1B, 0x2C1C, 0x2C1D, 0x2C1E, 0x2C1F, 0x2C20, 0x2C21, 0x2C22, 0x2C23, 0x2C24, 0x2C25, 0x2C26, 0x2C27, 0x2C28, 0x2C29, 0x2C2A,
        0x2C2B, 0x2C2C, 0x2C2D, 0x2C2E, 0x2C2F, 0x2C60, 0x2C60, 0x26B, 0x1D7D, 0x27D, 0x23A, 0x23E, 0x2C67, 0x2C67, 0x2C69, 0x2C69,
        0x2C6B, 0x2C6B, 0x251, 0x271, 0x250, 0x252, 0x2C72, 0x2C72, 0x2C75, 0x2C75, 0x23F, 0x240, 0x2C80, 0x2C80, 0x2C82, 0x2C82,
        0x2C84, 0x2C84, 0x2C86, 0x2C86, 0x2C88, 0x2C88, 0x2C8A, 0x2C8A, 0x2C8C, 0x2C8C, 0x2C8E, 0x2C8E, 0x2C90, 0x2C90, 0x2C92, 0x2C92,
        0x2C94, 0x2C94, 0x2C96, 0x2C96, 0x2C98, 0x2C98, 0x2C9A, 0x2C9A, 0x2C9C, 0x2C9C, 0x2C9E, 0x2C9E, 0x2CA0, 0x2CA0, 0x2CA2, 0x2CA2,
        0x2CA4, 0x2CA4, 0x2CA6, 0x2CA6, 0x2CA8, 0x2CA8, 0x2CAA, 0x2CAA, 0x2CAC, 0x2CAC, 0x2CAE, 0x2CAE, 0x2CB0, 0x2CB0, 0x2CB2, 0x2CB2,
        0x2CB4, 0x2CB4, 0x2CB6, 0x2CB6, 0x2CB8, 0x2CB8, 0x2CBA, 0x2CBA, 0x2CBC, 0x2CBC, 0x2CBE, 0x2CBE, 0x2CC0, 0x2CC0, 0x2CC2, 0x2CC2,
        0x2CC4, 0x2CC4, 0x2CC6, 0x2CC6, 0x2CC8, 0x2CC8, 0x2CCA, 0x2CCA, 0x2CCC, 0x2CCC, 0x2CCE, 0x2CCE, 0x2CD0, 0x2CD0, 0x2CD2, 0x2CD2,
        0x2CD4, 0x2CD4, 0x2CD6, 0x2CD6, 0x2CD8, 0x2CD8, 0x2CDA, 0x2CDA, 0x2CDC, 0x2CDC, 0x2CDE, 0x2CDE, 0x2CE0, 0x2CE0, 0x2CE2, 0x2CE2,
        0x2CEB, 0x2CEB, 0x2CED, 0x2CED, 0x2CF2, 0x2CF2, 0x10A0, 0x10A1, 0x10A2, 0x10A3, 0x10A4, 0x10A5, 0x10A6, 0x10A7, 0x10A8, 0x10A9,
        0x10AA, 0x10AB, 0x10AC, 0x10AD, 0x10AE, 0x10AF, 0x10B0, 0x10B1, 0x10B2, 0x10B3, 0x10B4, 0x10B5, 0x10B6, 0x10B7, 0x10B8, 0x10B9,
        0x10BA, 0x10BB, 0x10BC, 0x10BD, 0x10BE, 0x10BF, 0x10C0, 0x10C1, 0x10C2, 0x10C3, 0x10C4, 0x10C5, 0x10C7, 0x10CD, 0xA640, 0xA640,
        0xA642, 0xA642, 0xA644, 0xA644, 0xA646, 0xA646, 0xA648, 0xA648, 0x1C88, 0x1C88, 0xA64C, 0xA64C, 0xA64E, 0xA64E, 0xA650, 0xA650,
        0xA652, 0xA652, 0xA654, 0xA654, 0xA656, 0xA656, 0xA658, 0xA658, 0xA65A, 0xA65A, 0xA65C, 0xA65C, 0xA65E, 0xA65E, 0xA660, 0xA660,
        0xA662, 0xA662, 0xA664, 0xA664, 0xA666, 0xA666, 0xA668, 0xA668, 0xA66A, 0xA66A, 0xA66C, 0xA66C, 0xA680, 0xA680, 0xA682, 0xA682,
        0xA684, 0xA684, 0xA686, 0xA686, 0xA688, 0xA688, 0xA68A, 0xA68A, 0xA68C, 0xA68C, 0xA68E, 0xA68E, 0xA690, 0xA690, 0xA692, 0xA692,
        0xA694, 0xA694, 0xA696, 0xA696, 0xA698, 0xA698, 0xA69A, 0xA69A, 0xA722, 0xA722, 0xA724, 0xA724, 0xA726, 0xA726, 0xA728, 0xA728,
        0xA72A, 0xA72A, 0xA72C, 0xA72C, 0xA72E, 0xA72E, 0xA732, 0xA732, 0xA734, 0xA734, 0xA736, 0xA736, 0xA738, 0xA738, 0xA73A, 0xA73A,
        0xA73C, 0xA73C, 0xA73E, 0xA73E, 0xA740, 0xA740, 0xA742, 0xA742, 0xA744, 0xA744, 0xA746, 0xA746, 0xA748, 0xA748, 0xA74A, 0xA74A,
        0xA74C, 0xA74C, 0xA74E, 0xA74E, 0xA750, 0xA750, 0xA752, 0xA752, 0xA754, 0xA754, 0xA756, 0xA756, 0xA758, 0xA758, 0xA75A, 0xA75A,
        0xA75C, 0xA75C, 0xA75E, 0xA75E, 0xA760, 0xA760, 0xA762, 0xA762, 0xA764, 0xA764, 0xA766, 0xA766, 0xA768, 0xA768, 0xA76A, 0xA76A,
        0xA76C, 0xA76C, 0xA76E, 0xA76E, 0xA779, 0xA779, 0xA77B, 0xA77B, 0x1D79, 0xA77E, 0xA77E, 0xA780, 0xA780, 0xA782, 0xA782, 0xA784,
        0xA784, 0xA786, 0xA786, 0xA78B, 0xA78B, 0x265, 0xA790, 0xA790, 0xA792, 0xA792, 0xA794, 0xA796, 0xA796, 0xA798, 0xA798, 0xA79A,
        0xA79A, 0xA79C, 0xA79C, 0xA79E, 0xA79E, 0xA7A0, 0xA7A0, 0xA7A2, 0xA7A2, 0xA7A4, 0xA7A4, 0xA7A6, 0xA7A6, 0xA7A8, 0xA7A8, 0x266,
        0x25C, 0x261, 0x26C, 0x26A, 0x29E, 0x287, 0x29D, 0xA7B3, 0xA7B4, 0xA7B4, 0xA7B6, 0xA7B6, 0xA7B8, 0xA7B8, 0xA7BA, 0xA7BA,
        0xA7BC, 0xA7BC, 0xA7BE, 0xA7BE, 0xA7C0, 0xA7C0, 0xA7C2, 0xA7C2, 0xA794, 0x282, 0x1D8E, 0xA7C7, 0xA7C7, 0xA7C9, 0xA7C9, 0xA7D0,
        0xA7D0, 0xA7D6, 0xA7D6, 0xA7D8, 0xA7D8, 0xA7F5, 0xA7F5, 0xA7B3, 0x13A0, 0x13A1, 0x13A2, 0x13A3, 0x13A4, 0x13A5, 0x13A6, 0x13A7,
        0x13A8, 0x13A9, 0x13AA, 0x13AB, 0x13AC, 0x13AD, 0x13AE, 0x13AF, 0x13B0, 0x13B1, 0x13B2, 0x13B3, 0x13B4, 0x13B5, 0x13B6, 0x13B7,
        0x13B8, 0x13B9, 0x13BA, 0x13BB, 0x13BC, 0x13BD, 0x13BE, 0x13BF, 0x13C0, 0x13C1, 0x13C2, 0x13C3, 0x13C4, 0x13C5, 0x13C6, 0x13C7,
        0x13C8, 0x13C9, 0x13CA, 0x13CB, 0x13CC, 0x13CD, 0x13CE, 0x13CF, 0x13D0, 0x13D1, 0x13D2, 0x13D3, 0x13D4, 0x13D5, 0x13D6, 0x13D7,
        0x13D8, 0x13D9, 0x13DA, 0x13DB, 0x13DC, 0x13DD, 0x13DE, 0x13DF, 0x13E0, 0x13E1, 0x13E2, 0x13E3, 0x13E4, 0x13E5, 0x13E6, 0x13E7,
        0x13E8, 0x13E9, 0x13EA, 0x13EB, 0x13EC, 0x13ED, 0x13EE, 0x13EF, 0xFB05, 0xFB05, 0xFF21, 0xFF22, 0xFF23, 0xFF24, 0xFF25, 0xFF26,
        0xFF27, 0xFF28, 0xFF29, 0xFF2A, 0xFF2B, 0xFF2C, 0xFF2D, 0xFF2E, 0xFF2F, 0xFF30, 0xFF31, 0xFF32, 0xFF33, 0xFF34, 0xFF35, 0xFF36,
        0xFF37, 0xFF38, 0xFF39, 0xFF3A, 0xFF21, 0xFF22, 0xFF23, 0xFF24, 0xFF25, 0xFF26, 0xFF27, 0xFF28, 0xFF29, 0xFF2A, 0xFF2B, 0xFF2C,
        0xFF2D, 0xFF2E, 0xFF2F, 0xFF30, 0xFF31, 0xFF32, 0xFF33, 0xFF34, 0xFF35, 0xFF36, 0xFF37, 0xFF38, 0xFF39, 0xFF3A, 0x10400, 0x10401,
        0x10402, 0x10403, 0x10404, 0x10405, 0x10406, 0x10407, 0x10408, 0x10409, 0x1040A, 0x1040B, 0x1040C, 0x1040D, 0x1040E, 0x1040F, 0x10410, 0x10411,
        0x10412, 0x10413, 0x10414, 0x10415, 0x10416, 0x10417, 0x10418, 0x10419, 0x1041A, 0x1041B, 0x1041C, 0x1041D, 0x1041E, 0x1041F, 0x10420, 0x10421,
        0x10422, 0x10423, 0x10424, 0x10425, 0x10426, 0x10427, 0x10400, 0x10401, 0x10402, 0x10403, 0x10404, 0x10405, 0x10406, 0x10407, 0x10408, 0x10409,
        0x1040A, 0x1040B, 0x1040C, 0x1040D, 0x1040E, 0x1040F, 0x10410, 0x10411, 0x10412, 0x10413, 0x10414, 0x10415, 0x10416, 0x10417, 0x10418, 0x10419,
        0x1041A, 0x1041B, 0x1041C, 0x1041D, 0x1041E, 0x1041F, 0x10420, 0x10421, 0x10422, 0x10423, 0x10424, 0x10425, 0x10426, 0x10427, 0x104B0, 0x104B1,
        0x104B2, 0x104B3, 0x104B4, 0x104B5, 0x104B6, 0x104B7, 0x104B8, 0x104B9, 0x104BA, 0x104BB, 0x104BC, 0x104BD, 0x104BE, 0x104BF, 0x104C0, 0x104C1,
        0x104C2, 0x104C3, 0x104C4, 0x104C5, 0x104C6, 0x104C7, 0x104C8, 0x104C9, 0x104CA, 0x104CB, 0x104CC, 0x104CD, 0x104CE, 0x104CF, 0x104D0, 0x104D1,
        0x104D2, 0x104D3, 0x104B0, 0x104B1, 0x104B2, 0x104B3, 0x104B4, 0x104B5, 0x104B6, 0x104B7, 0x104B8, 0x104B9, 0x104BA, 0x104BB, 0x104BC, 0x104BD,
        0x104BE, 0x104BF, 0x104C0, 0x104C1, 0x104C2, 0x104C3, 0x104C4, 0x104C5, 0x104C6, 0x104C7, 0x104C8, 0x104C9, 0x104CA, 0x104CB, 0x104CC, 0x104CD,
        0x104CE, 0x104CF, 0x104D0, 0x104D1, 0x104D2, 0x104D3, 0x10570, 0x10571, 0x10572, 0x10573, 0x10574, 0x10575, 0x10576, 0x10577, 0x10578, 0x10579,
        0x1057A, 0x1057C, 0x1057D, 0x1057E, 0x1057F, 0x10580, 0x10581, 0x10582, 0x10583, 0x10584, 0x10585, 0x10586, 0x10587, 0x10588, 0x10589, 0x1058A,
        0x1058C, 0x1058D, 0x1058E, 0x1058F, 0x10590, 0x10591, 0x10592, 0x10594, 0x10595, 0x10570, 0x10571, 0x10572, 0x10573, 0x10574, 0x10575, 0x10576,
        0x10577, 0x10578, 0x10579, 0x1057A, 0x1057C, 0x1057D, 0x1057E, 0x1057F, 0x10580, 0x10581, 0x10582, 0x10583, 0x10584, 0x10585, 0x10586, 0x10587,
        0x10588, 0x10589, 0x1058A, 0x1058C, 0x1058D, 0x1058E, 0x1058F, 0x10590, 0x10591, 0x10592, 0x10594, 0x10595, 0x10C80, 0x10C81, 0x10C82, 0x10C83,
        0x10C84, 0x10C85, 0x10C86, 0x10C87, 0x10C88, 0x10C89, 0x10C8A, 0x10C8B, 0x10C8C, 0x10C8D, 0x10C8E, 0x10C8F, 0x10C90, 0x10C91, 0x10C92, 0x10C93,
        0x10C94, 0x10C95, 0x10C96, 0x10C97, 0x10C98, 0x10C99, 0x10C9A, 0x10C9B, 0x10C9C, 0x10C9D, 0x10C9E, 0x10C9F, 0x10CA0, 0x10CA1, 0x10CA2, 0x10CA3,
        0x10CA4, 0x10CA5, 0x10CA6, 0x10CA7, 0x10CA8, 0x10CA9, 0x10CAA, 0x10CAB, 0x10CAC, 0x10CAD, 0x10CAE, 0x10CAF, 0x10CB0, 0x10CB1, 0x10CB2, 0x10C80,
        0x10C81, 0x10C82, 0x10C83, 0x10C84, 0x10C85, 0x10C86, 0x10C87, 0x10C88, 0x10C89, 0x10C8A, 0x10C8B, 0x10C8C, 0x10C8D, 0x10C8E, 0x10C8F, 0x10C90,
        0x10C91, 0x10C92, 0x10C93, 0x10C94, 0x10C95, 0x10C96, 0x10C97, 0x10C98, 0x10C99, 0x10C9A, 0x10C9B, 0x10C9C, 0x10C9D, 0x10C9E, 0x10C9F, 0x10CA0,
        0x10CA1, 0x10CA2, 0x10CA3, 0x10CA4, 0x10CA5, 0x10CA6, 0x10CA7, 0x10CA8, 0x10CA9, 0x10CAA, 0x10CAB, 0x10CAC, 0x10CAD, 0x10CAE, 0x10CAF, 0x10CB0,
        0x10CB1, 0x10CB2, 0x118A0, 0x118A1, 0x118A2, 0x118A3, 0x118A4, 0x118A5, 0x118A6, 0x118A7, 0x118A8, 0x118A9, 0x118AA, 0x118AB, 0x118AC, 0x118AD,
        0x118AE, 0x118AF, 0x118B0, 0x118B1, 0x118B2, 0x118B3, 0x118B4, 0x118B5, 0x118B6, 0x118B7, 0x118B8, 0x118B9, 0x118BA, 0x118BB, 0x118BC, 0x118BD,
        0x118BE, 0x118BF, 0x118A0, 0x118A1, 0x118A2, 0x118A3, 0x118A4, 0x118A5, 0x118A6, 0x118A7, 0x118A8, 0x118A9, 0x118AA, 0x118AB, 0x118AC, 0x118AD,
        0x118AE, 0x118AF, 0x118B0, 0x118B1, 0x118B2, 0x118B3, 0x118B4, 0x118B5, 0x118B6, 0x118B7, 0x118B8, 0x118B9, 0x118BA, 0x118BB, 0x118BC, 0x118BD,
        0x118BE, 0x118BF, 0x16E40, 0x16E41, 0x16E42, 0x16E43, 0x16E44, 0x16E45, 0x16E46, 0x16E47, 0x16E48, 0x16E49, 0x16E4A, 0x16E4B, 0x16E4C, 0x16E4D,
        0x16E4E, 0x16E4F, 0x16E50, 0x16E51, 0x16E52, 0x16E53, 0x16E54, 0x16E55, 0x16E56, 0x16E57, 0x16E58, 0x16E59, 0x16E5A, 0x16E5B, 0x16E5C, 0x16E5D,
        0x16E5E, 0x16E5F, 0x16E40, 0x16E41, 0x16E42, 0x16E43, 0x16E44, 0x16E45, 0x16E46, 0x16E47, 0x16E48, 0x16E49, 0x16E4A, 0x16E4B, 0x16E4C, 0x16E4D,
        0x16E4E, 0x16E4F, 0x16E50, 0x16E51, 0x16E52, 0x16E53, 0x16E54, 0x16E55, 0x16E56, 0x16E57, 0x16E58, 0x16E59, 0x16E5A, 0x16E5B, 0x16E5C, 0x16E5D,
        0x16E5E, 0x16E5F, 0x1E900, 0x1E901, 0x1E902, 0x1E903, 0x1E904, 0x1E905, 0x1E906, 0x1E907, 0x1E908, 0x1E909, 0x1E90A, 0x1E90B, 0x1E90C, 0x1E90D,
        0x1E90E, 0x1E90F, 0x1E910, 0x1E911, 0x1E912, 0x1E913, 0x1E914, 0x1E915, 0x1E916, 0x1E917, 0x1E918, 0x1E919, 0x1E91A, 0x1E91B, 0x1E91C, 0x1E91D,
        0x1E91E, 0x1E91F, 0x1E920, 0x1E921, 0x1E900, 0x1E901, 0x1E902, 0x1E903, 0x1E904, 0x1E905, 0x1E906, 0x1E907, 0x1E908, 0x1E909, 0x1E90A, 0x1E90B,
        0x1E90C, 0x1E90D, 0x1E90E, 0x1E90F, 0x1E910, 0x1E911, 0x1E912, 0x1E913, 0x1E914, 0x1E915, 0x1E916, 0x1E917, 0x1E918, 0x1E919, 0x1E91A, 0x1E91B,
        0x1E91C, 0x1E91D, 0x1E91E, 0x1E91F, 0x1E920, 0x1E921,
    ];
}
